Energy,AveragePower,PeakPower,PeakToPeak,PeakFrequency,Bandwidth,NoiseFloor,SNR,Label
5171.4166226148,0.51714166226148,2.06712270187056,2.87148711952665,-397700,10009.765625,1.03533736803459e-06,56.9852763794298,BPSK
5014.58932702239,0.501458932702239,1.27508620458424,2.21644298329031,-398600,3662.109375,1.00232982579924e-06,56.9922471836874,BPSK
5007.39697029691,0.500739697029691,1.21890408843631,2.20435253316383,-398800,6835.9375,1.00123399967005e-06,56.9907643337379,BPSK
5095.74292647496,0.509574292647496,1.7834401484807,2.64639567840101,-397100,8300.78125,1.01781066286986e-06,56.9954051394295,BPSK
5276.7485896151,0.52767485896151,2.40658190548185,2.96647983327727,-398800,6591.796875,1.05358662927558e-06,56.9969615223526,BPSK
5096.65018639149,0.509665018639149,1.68977955108576,2.59111313616393,-399200,9033.203125,1.01818298252366e-06,56.994589922327,BPSK
5051.53074671388,0.505153074671388,1.55849723290917,2.4617421615018,-399200,5126.953125,1.01023435791056e-06,56.9900086600176,BPSK
5028.96046666697,0.502896046666697,1.50237514284664,2.41075563008571,-398300,8300.78125,1.00446934854056e-06,56.9954153283021,BPSK
5113.76027264455,0.511376027264456,1.79927892722217,2.63885940730341,-398500,8544.921875,1.02209528076192e-06,56.9924898186921,BPSK
5016.08556050794,0.501608556050793,1.28350780276751,2.24082891596054,-398100,8544.921875,1.00301040149226e-06,56.9905949894886,BPSK
5037.14371376838,0.503714371376837,1.48476990958496,2.42090156214744,-400000,7324.21875,1.00661471634538e-06,56.9932106646916,BPSK
5305.0990478302,0.530509904783021,2.60755775588627,3.19519049781129,-401300,6835.9375,1.06306446183755e-06,56.9813389676237,BPSK
5276.28634990022,0.527628634990022,2.266485563467,2.98740590533671,-402000,5126.953125,1.05634348581381e-06,56.9852319867631,BPSK
5007.45515160878,0.500745515160878,1.29570854057299,2.25791130918379,-398700,6591.796875,1.00163737344402e-06,56.9890654758461,BPSK
5042.48845406239,0.504248845406238,1.5299449530237,2.4152156707101,-397400,8789.0625,1.00759886135379e-06,56.9935724442085,BPSK
5008.82824766431,0.500882824766431,1.24422586176748,2.19394447745709,-397200,6591.796875,1.00088873886932e-06,56.9935033704729,BPSK
5248.39264803146,0.524839264803146,2.49235046321499,3.04380559315683,-399700,7080.078125,1.05100975073961e-06,56.9841957324618,BPSK
5068.38029768468,0.506838029768468,1.68249313534229,2.54937038926227,-398200,4394.53125,1.01151299146542e-06,56.9989772896914,BPSK
5003.99539237924,0.500399539237924,1.11921900738634,2.11557950711338,-397700,6591.796875,1.00009657331342e-06,56.9927496189622,BPSK
5101.30155876724,0.510130155876724,1.81073776674306,2.64013461120708,-400200,9521.484375,1.01952784317651e-06,56.9928190640687,BPSK
5009.62693823552,0.500962693823552,1.24301267212604,2.21766782544859,-398800,3906.25,1.00144811065859e-06,56.9917693406385,BPSK
5000.42588981747,0.500042588981747,1.07375644135515,2.07094635377898,-397100,6347.65625,9.99546300626621e-07,56.9920407892626,BPSK
5021.65604360016,0.502165604360016,1.2679474681355,2.2475704442083,-398400,5371.09375,1.00360485913746e-06,56.9928420719781,BPSK
5279.4669383277,0.52794669383277,2.79269419581637,3.21935144379565,-399300,6103.515625,1.05367807006079e-06,56.9988213325352,BPSK
4998.97388383176,0.499897388383176,1.0860423701562,2.07811323319717,-399200,9277.34375,9.9941693059561e-07,56.9913416554847,BPSK
5006.01230131372,0.500601230131372,1.15917990734043,2.146790102968,-398300,4150.390625,1.0006236296779e-06,56.9922115795743,BPSK
5039.68462224253,0.503968462224253,1.46379181715036,2.41163208394048,-398200,5859.375,1.00649471474137e-06,56.9959186095541,BPSK
5093.02166389428,0.509302166389428,1.9144649827749,2.63913512106204,-399900,8056.640625,1.01795666864224e-06,56.9924623173107,BPSK
5042.7880269427,0.50427880269427,1.57060347203412,2.45395058774518,-398400,8056.640625,1.0063763331122e-06,56.9991029807479,BPSK
5003.88773526535,0.500388773526535,1.11356581652606,2.10082626849529,-397700,10253.90625,1.00051854174213e-06,56.9908241606618,BPSK
5007.67633152623,0.500767633152623,1.13601910088851,2.12880121804278,-399400,7324.21875,1.00049208357579e-06,56.9942259410114,BPSK
5055.91408739047,0.505591408739047,1.58968340189557,2.45910078836978,-397200,6835.9375,1.01147540377291e-06,56.988443591698,BPSK
5110.65511219329,0.511065511219329,1.76315833683489,2.6321570677205,-400500,7080.078125,1.02073909639656e-06,56.9956182452789,BPSK
5033.89890940274,0.503389890940274,1.36708465994916,2.33001472586077,-398300,4638.671875,1.00606521825559e-06,56.9927835500615,BPSK
5100.84899627519,0.510084899627519,1.85286305773195,2.62986267518235,-400200,7324.21875,1.01942472207113e-06,56.9928730556484,BPSK
5012.27854207537,0.501227854207537,1.21884922742953,2.18766846052769,-399800,10498.046875,1.00149090234585e-06,56.9938818911409,BPSK
5007.65890670449,0.500765890670449,1.19400389750967,2.18065252344434,-399800,5615.234375,1.00115728185958e-06,56.9913242901102,BPSK
5033.23323993213,0.503323323993213,1.45896584101261,2.3875121391752,-398800,3173.828125,1.00732068633802e-06,56.9867930334735,BPSK
5019.12274111234,0.501912274111234,1.28661089302171,2.2533777500832,-400100,7080.078125,1.00301143045475e-06,56.9932193402308,BPSK
5026.41462310637,0.502641462310637,1.28645861704495,2.2628600097416,-398300,6347.65625,1.00579846810481e-06,56.9874734035455,BPSK
5011.0743945382,0.50110743945382,1.35336285558554,2.27434848825992,-399200,10986.328125,1.00267979860474e-06,56.9876858521424,BPSK
5002.82386211359,0.500282386211359,1.18828568126432,2.17432002606954,-399200,8300.78125,1.0001880086123e-06,56.9913356921753,BPSK
5037.29145048779,0.503729145048779,1.4907988447249,2.42741377606999,-399400,10253.90625,1.00692185770262e-06,56.9920131085956,BPSK
5018.94041653821,0.501894041653821,1.29062138158072,2.24237026437641,-398300,9277.34375,1.00291329564627e-06,56.9934865108657,BPSK
5038.07117092247,0.503807117092247,1.42487142099502,2.37454600185451,-398800,5615.234375,1.00720085453733e-06,56.9914821275149,BPSK
5144.53166357655,0.514453166357655,1.83011890075617,2.6758626212218,-398100,6103.515625,1.02913491581794e-06,56.9887353165297,BPSK
5060.97238648975,0.506097238648975,1.62097643442932,2.54578822766883,-398700,8544.921875,1.01282592644608e-06,56.9869915779145,BPSK
5114.02562499224,0.511402562499224,1.91246352093714,2.76485923730767,-397100,10009.765625,1.02040367797065e-06,56.9999088450399,BPSK
5307.77649771064,0.530777649771064,2.70680509504784,3.24139903991165,-397800,8544.921875,1.06061376368266e-06,56.9935536840733,BPSK
5001.99424838383,0.500199424838384,1.09804742160438,2.09121413637581,-399300,7080.078125,1.00010037295633e-06,56.990995987814,BPSK
5008.36699618225,0.500836699618225,1.21913217233013,2.18809974068903,-397300,6103.515625,1.00129066417301e-06,56.9913597808576,BPSK
5000.44484707205,0.500044484707205,1.09921105409204,2.09210081605131,-398400,6591.796875,9.9926863399652e-07,56.9932638597048,BPSK
5007.84198504257,0.500784198504257,1.16290530684022,2.14543252209694,-397900,6591.796875,1.00110017044835e-06,56.9917308158841,BPSK
5089.04075842004,0.508904075842004,1.62961090899015,2.55070464418772,-400000,7568.359375,1.01653102596619e-06,56.9951529071786,BPSK
5077.58729701498,0.507758729701498,1.7618953963752,2.65447882513509,-399600,3662.109375,1.01505431666579e-06,56.9916811635645,BPSK
5099.65235157621,0.509965235157621,1.87597893621298,2.68989188885436,-397200,8544.921875,1.01995832507742e-06,56.9895814371936,BPSK
5001.23375852884,0.500123375852884,1.09903306725059,2.09065869186373,-399600,2929.6875,9.99813366920189e-07,56.9915821530239,BPSK
5475.92116845158,0.547592116845158,3.35284343421841,3.54311223889314,-399000,5615.234375,1.09633334680414e-06,56.9851456328951,BPSK
5146.87775178395,0.514687775178395,2.04152180403286,2.77887565263868,-399400,8544.921875,1.03054075550467e-06,56.9847868124824,BPSK
5002.66015123716,0.500266015123716,1.12461633684446,2.11963937839662,-398500,10253.90625,9.99724623712466e-07,56.9932061156548,BPSK
5002.4615835966,0.50024615835966,1.12064352993012,2.1140233343718,-397000,9277.34375,1.00008266346033e-06,56.9914786335567,BPSK
5014.01691702996,0.501401691702996,1.36930788001337,2.30143292171489,-398800,7080.078125,1.00271341205639e-06,56.9900897091139,BPSK
5012.12091380292,0.501212091380292,1.29171365333441,2.23379146473179,-396300,8056.640625,1.00125454199806e-06,56.9947704029981,BPSK
5038.67793249842,0.503867793249842,1.39718079224431,2.34735959416478,-398300,8789.0625,1.00567367376498e-06,56.9985951811106,BPSK
5115.66346402078,0.511566346402078,1.81915637983247,2.67905497196572,-399200,4150.390625,1.02373745657378e-06,56.9871337293639,BPSK
5009.19928636521,0.500919928636521,1.23257354763498,2.19369269809137,-396100,8056.640625,1.0011143942059e-06,56.9928460425305,BPSK
5501.60269106877,0.550160269106877,2.80742448491687,3.322839171557,-400600,8544.921875,1.10106992000071e-06,56.9867432540612,BPSK
5283.39998437689,0.528339998437689,2.35375665009053,3.0366090815374,-400800,2685.546875,1.05507492890876e-06,56.996301872831,BPSK
5129.59667811185,0.512959667811185,1.81797521005663,2.6639906320807,-399900,1220.703125,1.02593029445899e-06,56.9896536524142,BPSK
5003.00634543594,0.500300634543594,1.11037926515861,2.10249803196615,-398000,5126.953125,9.99781184668853e-07,56.9932609439956,BPSK
5002.54311957644,0.500254311957644,1.16241182197794,2.14054035353974,-395900,8544.921875,9.99958899908578e-07,56.9920869064894,BPSK
5217.85307890389,0.521785307890389,2.7801066204445,3.20275390693901,-402800,10986.328125,1.04431448555831e-06,56.986605442483,BPSK
4998.25180051007,0.499825180051007,1.14259882874562,2.13306182048663,-398200,8300.78125,9.99036346848034e-07,56.9923684213054,BPSK
5039.97676764715,0.503997676764715,1.39385220460224,2.33987456805726,-398100,8056.640625,1.00666228055312e-06,56.995447385363,BPSK
5279.36174945479,0.527936174945479,2.91218218934188,3.29051225748852,-398900,5126.953125,1.05669598405148e-06,56.986313646022,BPSK
5404.2986316948,0.54042986316948,2.72725870697333,3.26067397197981,-398000,7568.359375,1.08013459993505e-06,56.9926146128608,BPSK
5002.66824941286,0.500266824941286,1.16333695913883,2.14353679374643,-397700,10253.90625,9.99950562423786e-07,56.992231747149,BPSK
5111.131334546,0.511113133454601,1.90905507906968,2.72734004885218,-397200,7568.359375,1.02120019474439e-06,56.9940615168463,BPSK
5037.60559578324,0.503760559578324,1.48789614216352,2.4141735442306,-399100,7812.5,1.00627844164629e-06,56.9950599417785,BPSK
5002.55287779582,0.500255287779582,1.12758348484103,2.11792930226263,-398200,10253.90625,1.00001725331981e-06,56.9918419493872,BPSK
5004.91508457424,0.500491508457424,1.18963533372655,2.17588556309842,-400000,6347.65625,9.99966822584008e-07,56.9941112246867,BPSK
5012.16140716368,0.501216140716368,1.13791391167353,2.13069425400241,-399700,6103.515625,1.0019448617851e-06,56.9918122573039,BPSK
5122.45183682586,0.512245183682586,1.82967829616166,2.65331501048451,-399600,1220.703125,1.02225438836578e-06,56.9991890011277,BPSK
5005.33936790619,0.500533936790619,1.17667797916424,2.16279597317638,-399800,2197.265625,1.00034184411056e-06,56.9928509284974,BPSK
5330.68481000196,0.533068481000196,2.52358667480058,3.16939530203557,-398900,6103.515625,1.0648481311473e-06,56.99495331517,BPSK
4999.99591806932,0.499999591806932,1.09433545336701,2.08808083062351,-396600,7568.359375,9.99734026438345e-07,56.9908517599818,BPSK
5137.35224665923,0.513735224665923,1.93437449309655,2.77111453061763,-397600,8056.640625,1.02611829147658e-06,56.9954191512653,BPSK
5014.80067743908,0.501480067743908,1.20512475826084,2.1852023993531,-396900,10498.046875,1.00219054045216e-06,56.9930337668325,BPSK
5011.36012938523,0.501136012938523,1.15444464151654,2.14542670578683,-398100,4882.8125,1.00152153559957e-06,56.9929532108295,BPSK
5023.06047796276,0.502306047796276,1.47616179208558,2.4218759977077,-398200,4150.390625,1.00350137601862e-06,56.994504347877,BPSK
5365.04167661236,0.536504167661236,2.84298057931207,3.28930715828835,-397500,8544.921875,1.07310108798854e-06,56.9893246480459,BPSK
5004.09006766435,0.500409006766435,1.17874725828421,2.15958241573779,-398200,6835.9375,1.00009663468566e-06,56.9928315199232,BPSK
5007.11244985519,0.500711244985519,1.11072877687246,2.10765727225,-399100,9765.625,1.00095582909718e-06,56.991724318635,BPSK
5019.0240436888,0.50190240436888,1.53598605386582,2.43950166848922,-399100,7080.078125,1.0027780539929e-06,56.9941445541468,BPSK
4999.80211606454,0.499980211606454,1.09642029969056,2.09238627613933,-396300,7812.5,9.99568271210146e-07,56.9914035393243,BPSK
5003.83490678409,0.500383490678409,1.11343560281553,2.10564910678045,-399900,10498.046875,1.0000950021292e-06,56.992617154924,BPSK
5022.36764958024,0.502236764958024,1.33461468813999,2.30066104102898,-398100,4638.671875,1.00292377093664e-06,56.9964057603248,BPSK
5076.69509338925,0.507669509338925,1.6881055641388,2.53624276738447,-400200,5859.375,1.01583038433994e-06,56.9875988163578,BPSK
5506.00630644504,0.550600630644504,2.92526978418482,3.38288929857174,-399300,2685.546875,1.09866502326736e-06,56.9997140580605,BPSK
4999.17661687193,0.499917661687193,1.14788261601983,2.13029446949113,-399900,6835.9375,9.99269868052923e-07,56.9921568838854,BPSK
4999.99999999997,0.499999999999997,0.975528258148439,1.97537668119112,-350100,488.28125,9.99510781043836e-07,56.9918252141705,QPSK
5000.00000000001,0.500000000000001,0.975528258148439,1.97537668119112,-351600,5126.953125,9.99451355213082e-07,56.9920834312715,QPSK
5000,0.5,0.975528258148462,1.97537668119115,-350700,1708.984375,9.99450750717327e-07,56.9920860580051,QPSK
4999.99999999998,0.499999999999998,0.975528258148448,1.97537668119113,-350200,3662.109375,9.99608368316857e-07,56.9914012112868,QPSK
5000.00000000001,0.500000000000001,0.975528258148346,1.97537668119103,-350300,1464.84375,9.9953028827541e-07,56.991740454701,QPSK
5000,0.5,0.975528258148448,1.97537668119113,-351400,1953.125,9.99567972376975e-07,56.9915767209048,QPSK
5000.00000000001,0.500000000000001,0.97552825814836,1.97537668119104,-350000,2685.546875,9.99536980808743e-07,56.9917113758367,QPSK
4999.99999999999,0.499999999999999,0.975528258148346,1.97537668119103,-351000,2441.40625,9.99607735530293e-07,56.9914039605215,QPSK
5000.00000000001,0.500000000000001,0.975528258148462,1.97537668119115,-349400,2441.40625,9.99617224061021e-07,56.991362736381,QPSK
5000.00000000001,0.500000000000001,0.975528258148448,1.97537668119113,-348500,2441.40625,9.99591494288445e-07,56.9914745235911,QPSK
4999.99999999997,0.499999999999997,0.975528258148346,1.97537668119105,-348600,3906.25,9.99475553525407e-07,56.9919782829194,QPSK
5000,0.5,0.975528258148439,1.97537668119112,-350800,3173.828125,9.99529371752866e-07,56.9917444369802,QPSK
5000,0.5,0.975528258148346,1.97537668119103,-351000,2929.6875,9.99517923417875e-07,56.9917941801626,QPSK
5000,0.5,0.975528258148462,1.97537668119115,-350500,4150.390625,9.99574890731188e-07,56.9915466619919,QPSK
5000.00000000001,0.500000000000001,0.975528258148462,1.97537668119115,-351200,3906.25,9.99668908548355e-07,56.9911381933575,QPSK
5000.00000000001,0.500000000000001,0.97552825814836,1.97537668119104,-349700,2929.6875,9.99508438983457e-07,56.9918353906,QPSK
5000.00000000002,0.500000000000002,0.975528258148301,1.97537668119098,-349100,2197.265625,9.99528613245612e-07,56.9917477326877,QPSK
5000.00000000004,0.500000000000004,0.975528258148213,1.9753766811909,-348700,3906.25,9.9950020097553e-07,56.9918711855567,QPSK
5000.00000000002,0.500000000000002,0.975528258148439,1.97537668119112,-351100,976.5625,9.99447025868245e-07,56.9921022437393,QPSK
5000.00000000001,0.500000000000001,0.975528258148337,1.97537668119102,-349900,2929.6875,9.99542236789002e-07,56.9916885388905,QPSK
4999.99999999999,0.499999999999999,0.975528258148448,1.97537668119113,-349400,2685.546875,9.99534978163592e-07,56.9917200772517,QPSK
4999.99999999999,0.499999999999999,0.975528258148346,1.97537668119105,-351900,1953.125,9.99490346303081e-07,56.9919140054676,QPSK
4999.99999999999,0.499999999999999,0.975528258148346,1.97537668119103,-349300,4394.53125,9.99581440994459e-07,56.9915182025547,QPSK
5000.00000000002,0.500000000000002,0.975528258148439,1.97537668119112,-349500,3417.96875,9.99507712682229e-07,56.9918385464386,QPSK
5000.00000000003,0.500000000000003,0.97552825814836,1.97537668119104,-348500,2929.6875,9.99448200332786e-07,56.9920971402856,QPSK
5000,0.5,0.975528258148462,1.97537668119115,-349100,3662.109375,9.99518013770485e-07,56.991793787577,QPSK
5000,0.5,0.97552825814836,1.97537668119104,-348000,5615.234375,9.99538254034167e-07,56.991705843731,QPSK
4999.99999999999,0.499999999999999,0.975528258148346,1.97537668119105,-350800,3417.96875,9.99474380021926e-07,56.9919833820575,QPSK
5000.00000000001,0.500000000000001,0.97552825814836,1.97537668119104,-349900,3662.109375,9.99567335828996e-07,56.9915794865932,QPSK
4999.99999999997,0.499999999999997,0.975528258148259,1.97537668119094,-348500,3417.96875,9.99532366855983e-07,56.9917314233075,QPSK
5000,0.5,0.975528258148346,1.97537668119103,-348400,3662.109375,9.99443044533632e-07,56.9921195440569,QPSK
4999.99999999999,0.499999999999999,0.975528258148462,1.97537668119115,-351000,2441.40625,9.99504067174238e-07,56.9918543865053,QPSK
5000,0.5,0.975528258148448,1.97537668119113,-350800,2929.6875,9.99525344263329e-07,56.991761936416,QPSK
5000.00000000002,0.500000000000002,0.975528258148329,1.97537668119101,-349500,2441.40625,9.99545614311651e-07,56.9916738638031,QPSK
5000.00000000002,0.500000000000002,0.975528258148462,1.97537668119115,-349200,5126.953125,9.99374454364512e-07,56.9924176036045,QPSK
5000.00000000001,0.500000000000001,0.975528258148329,1.97537668119101,-350000,1708.984375,9.99431435101857e-07,56.9921699915683,QPSK
4999.99999999999,0.499999999999999,0.975528258148329,1.97537668119102,-350500,1708.984375,9.9944645467758e-07,56.992104725762,QPSK
5000,0.5,0.975528258148439,1.97537668119112,-352000,4150.390625,9.99606920866424e-07,56.9914074999516,QPSK
5000.00000000002,0.500000000000002,0.975528258148462,1.97537668119115,-349800,1220.703125,9.99446785570026e-07,56.9921032879188,QPSK
5000,0.5,0.975528258148439,1.97537668119112,-349600,3906.25,9.99551224131424e-07,56.9916494896585,QPSK
5000,0.5,0.975528258148346,1.97537668119103,-350300,3173.828125,9.99530357295834e-07,56.9917401548083,QPSK
4999.99999999997,0.499999999999997,0.975528258148439,1.97537668119112,-350800,3662.109375,9.99588307329492e-07,56.9914883700563,QPSK
5000,0.5,0.975528258148346,1.97537668119103,-349700,2685.546875,9.994905594736e-07,56.9919130792079,QPSK
5000.00000000001,0.500000000000001,0.975528258148259,1.97537668119094,-351000,3662.109375,9.99523149476204e-07,56.9917714727923,QPSK
5000,0.5,0.975528258148439,1.97537668119112,-350100,4394.53125,9.99577483995497e-07,56.9915353948129,QPSK
5000.00000000003,0.500000000000003,0.975528258148439,1.97537668119112,-349800,2197.265625,9.99570725600953e-07,56.9915647586534,QPSK
4999.99999999999,0.499999999999999,0.97552825814836,1.97537668119104,-350500,2197.265625,9.9949226795277e-07,56.9919056556016,QPSK
5000.00000000001,0.500000000000001,0.975528258148462,1.97537668119115,-349500,3173.828125,9.99593876019382e-07,56.9914641756502,QPSK
5000.00000000002,0.500000000000002,0.975528258148315,1.975376681191,-351300,2929.6875,9.99511943717387e-07,56.991820162275,QPSK
5000.00000000001,0.500000000000001,0.975528258148259,1.97537668119094,-351700,3906.25,9.99586096099359e-07,56.9914979772727,QPSK
5000.00000000002,0.500000000000002,0.975528258148439,1.97537668119112,-348300,3906.25,9.99577764286509e-07,56.9915341770102,QPSK
4999.99999999997,0.499999999999997,0.975528258148448,1.97537668119113,-351600,2441.40625,9.99544872439702e-07,56.9916770871779,QPSK
5000,0.5,0.975528258148346,1.97537668119103,-351900,3906.25,9.99475693077618e-07,56.9919776765339,QPSK
5000.00000000002,0.500000000000002,0.975528258148346,1.97537668119103,-349900,1464.84375,9.99597608150995e-07,56.9914479606535,QPSK
5000,0.5,0.975528258148346,1.97537668119103,-349900,5126.953125,9.994705491279e-07,56.9920000282003,QPSK
4999.99999999999,0.499999999999999,0.975528258148462,1.97537668119115,-350200,2685.546875,9.99505923513198e-07,56.991846320535,QPSK
4999.99999999999,0.499999999999999,0.975528258148346,1.97537668119103,-349500,3417.96875,9.99506839164203e-07,56.9918423419493,QPSK
4999.99999999999,0.499999999999999,0.975528258148448,1.97537668119113,-349200,3173.828125,9.99484384369965e-07,56.9919399110943,QPSK
5000.00000000002,0.500000000000002,0.97552825814836,1.97537668119104,-350800,2929.6875,9.99496913973619e-07,56.9918854679864,QPSK
5000,0.5,0.975528258148462,1.97537668119115,-350700,3662.109375,9.99519659606906e-07,56.9917866363593,QPSK
5000.00000000003,0.500000000000003,0.975528258148439,1.97537668119112,-351100,3417.96875,9.99514009709172e-07,56.9918111854147,QPSK
4999.99999999999,0.499999999999999,0.975528258148462,1.97537668119115,-349000,3417.96875,9.99547573204782e-07,56.9916653525793,QPSK
5000.00000000004,0.500000000000004,0.975528258148462,1.97537668119115,-348500,3173.828125,9.99571709493383e-07,56.9915604838299,QPSK
4999.99999999996,0.499999999999996,0.975528258148315,1.975376681191,-349400,2197.265625,9.99568487107673e-07,56.9915744844921,QPSK
4999.99999999999,0.499999999999999,0.975528258148448,1.97537668119113,-349800,1953.125,9.9953267686434e-07,56.9917300763287,QPSK
5000.00000000002,0.500000000000002,0.975528258148462,1.97537668119115,-350700,1953.125,9.99477467333326e-07,56.991969967004,QPSK
4999.99999999996,0.499999999999996,0.975528258148306,1.97537668119098,-349600,732.421875,9.99563373744361e-07,56.9915967011904,QPSK
4999.99999999999,0.499999999999999,0.975528258148448,1.97537668119113,-351000,3662.109375,9.99449991621596e-07,56.992089356529,QPSK
5000.00000000002,0.500000000000002,0.975528258148462,1.97537668119115,-350500,976.5625,9.99486633192507e-07,56.9919301395547,QPSK
5000.00000000001,0.500000000000001,0.975528258148337,1.97537668119104,-352000,3906.25,9.99551961314183e-07,56.9916462866782,QPSK
5000.00000000003,0.500000000000003,0.975528258148462,1.97537668119115,-350900,3173.828125,9.99425275588765e-07,56.9921967572943,QPSK
4999.99999999999,0.499999999999999,0.97552825814836,1.97537668119105,-348300,2441.40625,9.99536736113495e-07,56.991712439027,QPSK
5000.00000000001,0.500000000000001,0.975528258148462,1.97537668119115,-349900,4882.8125,9.99424500564202e-07,56.9922001251201,QPSK
4999.99999999999,0.499999999999999,0.975528258148439,1.97537668119112,-349100,3417.96875,9.99601247281195e-07,56.9914321497784,QPSK
5000,0.5,0.97552825814836,1.97537668119104,-348900,3173.828125,9.99413829583631e-07,56.9922464955334,QPSK
4999.99999999999,0.499999999999999,0.975528258148462,1.97537668119115,-348300,4150.390625,9.99593143019138e-07,56.9914673603243,QPSK
5000,0.5,0.975528258148462,1.97537668119115,-351800,3173.828125,9.99491253238098e-07,56.9919100646923,QPSK
5000,0.5,0.975528258148448,1.97537668119113,-349100,1220.703125,9.99566390474411e-07,56.9915835939951,QPSK
5000.00000000001,0.500000000000001,0.975528258148439,1.97537668119112,-350300,1464.84375,9.99500225525525e-07,56.9918710788841,QPSK
5000.00000000004,0.500000000000004,0.97552825814836,1.97537668119104,-350300,5615.234375,9.99558955661815e-07,56.991615897103,QPSK
4999.99999999997,0.499999999999997,0.975528258148265,1.97537668119096,-350200,3173.828125,9.99520763486383e-07,56.9917818399704,QPSK
5000,0.5,0.975528258148337,1.97537668119102,-348700,4150.390625,9.99537165697319e-07,56.9917105725039,QPSK
5000.00000000001,0.500000000000001,0.975528258148462,1.97537668119115,-350300,488.28125,9.99633094139151e-07,56.9912937876626,QPSK
4999.99999999999,0.499999999999999,0.97552825814836,1.97537668119104,-350700,1464.84375,9.99539682420494e-07,56.9916996374667,QPSK
5000.00000000002,0.500000000000002,0.975528258148337,1.97537668119103,-348800,2685.546875,9.99472989472192e-07,56.9919894243185,QPSK
5000.00000000003,0.500000000000003,0.975528258148462,1.97537668119115,-351300,3906.25,9.995820889578e-07,56.9915153873083,QPSK
4999.99999999998,0.499999999999998,0.975528258148439,1.97537668119112,-350900,4150.390625,9.99707600307532e-07,56.9909701047815,QPSK
5000,0.5,0.975528258148462,1.97537668119115,-350900,1220.703125,9.99567103729595e-07,56.9915804950246,QPSK
4999.99999999999,0.499999999999999,0.975528258148448,1.97537668119113,-351200,4638.671875,9.99506383067523e-07,56.9918443237298,QPSK
4999.99999999997,0.499999999999997,0.975528258148462,1.97537668119115,-350400,3906.25,9.99420860306055e-07,56.9922159436927,QPSK
5000,0.5,0.975528258148337,1.97537668119104,-350200,2929.6875,9.99396888969659e-07,56.9923201114601,QPSK
5000.00000000002,0.500000000000002,0.97552825814836,1.97537668119104,-350300,4150.390625,9.99511378320657e-07,56.9918226189614,QPSK
5000.00000000001,0.500000000000001,0.975528258148265,1.97537668119096,-348600,2929.6875,9.99605148454393e-07,56.991415200473,QPSK
4999.99999999999,0.499999999999999,0.975528258148448,1.97537668119113,-350400,1464.84375,9.99493572670903e-07,56.991899986408,QPSK
5000.00000000001,0.500000000000001,0.975528258148462,1.97537668119115,-347600,5371.09375,9.99579832064497e-07,56.9915251929803,QPSK
5000.00000000001,0.500000000000001,0.975528258148448,1.97537668119113,-350000,1953.125,9.99445930837187e-07,56.9921070020326,QPSK
5000,0.5,0.975528258148439,1.97537668119112,-350400,3906.25,9.99419198032893e-07,56.9922231670427,QPSK
5000,0.5,0.97552825814836,1.97537668119105,-349800,3417.96875,9.99594049607749e-07,56.9914634214592,QPSK
4999.99999999997,0.499999999999997,0.975528258148259,1.97537668119094,-348700,5126.953125,9.99545028428182e-07,56.9916764094201,QPSK
5000.00000000001,0.500000000000001,0.975528258148462,1.97537668119115,-350100,2441.40625,9.99513616796652e-07,56.9918128926421,QPSK
6600.00000000001,0.660000000000001,3.24,3.59960524829259,-450000,488.28125,1.204593675921e-06,57.3870335673372,AM
6600.00000000001,0.660000000000001,3.24,3.59960524829259,-450000,488.28125,1.204593675921e-06,57.3870335673372,AM
6600.00000000001,0.660000000000001,3.24,3.59960524829259,-450000,488.28125,1.204593675921e-06,57.3870335673372,AM
6600.00000000001,0.660000000000001,3.24,3.59960524829259,-450000,488.28125,1.204593675921e-06,57.3870335673372,AM
6600.00000000001,0.660000000000001,3.24,3.59960524829259,-450000,488.28125,1.204593675921e-06,57.3870335673372,AM
6600.00000000001,0.660000000000001,3.24,3.59960524829259,-450000,488.28125,1.204593675921e-06,57.3870335673372,AM
6600.00000000001,0.660000000000001,3.24,3.59960524829259,-450000,488.28125,1.204593675921e-06,57.3870335673372,AM
6600.00000000001,0.660000000000001,3.24,3.59960524829259,-450000,488.28125,1.204593675921e-06,57.3870335673372,AM
6600.00000000001,0.660000000000001,3.24,3.59960524829259,-450000,488.28125,1.204593675921e-06,57.3870335673372,AM
6600.00000000001,0.660000000000001,3.24,3.59960524829259,-450000,488.28125,1.204593675921e-06,57.3870335673372,AM
6600.00000000001,0.660000000000001,3.24,3.59960524829259,-450000,488.28125,1.204593675921e-06,57.3870335673372,AM
6600.00000000001,0.660000000000001,3.24,3.59960524829259,-450000,488.28125,1.204593675921e-06,57.3870335673372,AM
6600.00000000001,0.660000000000001,3.24,3.59960524829259,-450000,488.28125,1.204593675921e-06,57.3870335673372,AM
6600.00000000001,0.660000000000001,3.24,3.59960524829259,-450000,488.28125,1.204593675921e-06,57.3870335673372,AM
6600.00000000001,0.660000000000001,3.24,3.59960524829259,-450000,488.28125,1.204593675921e-06,57.3870335673372,AM
6600.00000000001,0.660000000000001,3.24,3.59960524829259,-450000,488.28125,1.204593675921e-06,57.3870335673372,AM
6600.00000000001,0.660000000000001,3.24,3.59960524829259,-450000,488.28125,1.204593675921e-06,57.3870335673372,AM
6600.00000000001,0.660000000000001,3.24,3.59960524829259,-450000,488.28125,1.204593675921e-06,57.3870335673372,AM
6600.00000000001,0.660000000000001,3.24,3.59960524829259,-450000,488.28125,1.204593675921e-06,57.3870335673372,AM
6600.00000000001,0.660000000000001,3.24,3.59960524829259,-450000,488.28125,1.204593675921e-06,57.3870335673372,AM
6600.00000000001,0.660000000000001,3.24,3.59960524829259,-450000,488.28125,1.204593675921e-06,57.3870335673372,AM
6600.00000000001,0.660000000000001,3.24,3.59960524829259,-450000,488.28125,1.204593675921e-06,57.3870335673372,AM
6600.00000000001,0.660000000000001,3.24,3.59960524829259,-450000,488.28125,1.204593675921e-06,57.3870335673372,AM
6600.00000000001,0.660000000000001,3.24,3.59960524829259,-450000,488.28125,1.204593675921e-06,57.3870335673372,AM
6600.00000000001,0.660000000000001,3.24,3.59960524829259,-450000,488.28125,1.204593675921e-06,57.3870335673372,AM
6600.00000000001,0.660000000000001,3.24,3.59960524829259,-450000,488.28125,1.204593675921e-06,57.3870335673372,AM
6600.00000000001,0.660000000000001,3.24,3.59960524829259,-450000,488.28125,1.204593675921e-06,57.3870335673372,AM
6600.00000000001,0.660000000000001,3.24,3.59960524829259,-450000,488.28125,1.204593675921e-06,57.3870335673372,AM
6600.00000000001,0.660000000000001,3.24,3.59960524829259,-450000,488.28125,1.204593675921e-06,57.3870335673372,AM
6600.00000000001,0.660000000000001,3.24,3.59960524829259,-450000,488.28125,1.204593675921e-06,57.3870335673372,AM
6600.00000000001,0.660000000000001,3.24,3.59960524829259,-450000,488.28125,1.204593675921e-06,57.3870335673372,AM
6600.00000000001,0.660000000000001,3.24,3.59960524829259,-450000,488.28125,1.204593675921e-06,57.3870335673372,AM
6600.00000000001,0.660000000000001,3.24,3.59960524829259,-450000,488.28125,1.204593675921e-06,57.3870335673372,AM
6600.00000000001,0.660000000000001,3.24,3.59960524829259,-450000,488.28125,1.204593675921e-06,57.3870335673372,AM
6600.00000000001,0.660000000000001,3.24,3.59960524829259,-450000,488.28125,1.204593675921e-06,57.3870335673372,AM
6600.00000000001,0.660000000000001,3.24,3.59960524829259,-450000,488.28125,1.204593675921e-06,57.3870335673372,AM
6600.00000000001,0.660000000000001,3.24,3.59960524829259,-450000,488.28125,1.204593675921e-06,57.3870335673372,AM
6600.00000000001,0.660000000000001,3.24,3.59960524829259,-450000,488.28125,1.204593675921e-06,57.3870335673372,AM
6600.00000000001,0.660000000000001,3.24,3.59960524829259,-450000,488.28125,1.204593675921e-06,57.3870335673372,AM
6600.00000000001,0.660000000000001,3.24,3.59960524829259,-450000,488.28125,1.204593675921e-06,57.3870335673372,AM
6600.00000000001,0.660000000000001,3.24,3.59960524829259,-450000,488.28125,1.204593675921e-06,57.3870335673372,AM
6600.00000000001,0.660000000000001,3.24,3.59960524829259,-450000,488.28125,1.204593675921e-06,57.3870335673372,AM
6600.00000000001,0.660000000000001,3.24,3.59960524829259,-450000,488.28125,1.204593675921e-06,57.3870335673372,AM
6600.00000000001,0.660000000000001,3.24,3.59960524829259,-450000,488.28125,1.204593675921e-06,57.3870335673372,AM
6600.00000000001,0.660000000000001,3.24,3.59960524829259,-450000,488.28125,1.204593675921e-06,57.3870335673372,AM
6600.00000000001,0.660000000000001,3.24,3.59960524829259,-450000,488.28125,1.204593675921e-06,57.3870335673372,AM
6600.00000000001,0.660000000000001,3.24,3.59960524829259,-450000,488.28125,1.204593675921e-06,57.3870335673372,AM
6600.00000000001,0.660000000000001,3.24,3.59960524829259,-450000,488.28125,1.204593675921e-06,57.3870335673372,AM
6600.00000000001,0.660000000000001,3.24,3.59960524829259,-450000,488.28125,1.204593675921e-06,57.3870335673372,AM
6600.00000000001,0.660000000000001,3.24,3.59960524829259,-450000,488.28125,1.204593675921e-06,57.3870335673372,AM
6600.00000000001,0.660000000000001,3.24,3.59960524829259,-450000,488.28125,1.204593675921e-06,57.3870335673372,AM
6600.00000000001,0.660000000000001,3.24,3.59960524829259,-450000,488.28125,1.204593675921e-06,57.3870335673372,AM
6600.00000000001,0.660000000000001,3.24,3.59960524829259,-450000,488.28125,1.204593675921e-06,57.3870335673372,AM
6600.00000000001,0.660000000000001,3.24,3.59960524829259,-450000,488.28125,1.204593675921e-06,57.3870335673372,AM
6600.00000000001,0.660000000000001,3.24,3.59960524829259,-450000,488.28125,1.204593675921e-06,57.3870335673372,AM
6600.00000000001,0.660000000000001,3.24,3.59960524829259,-450000,488.28125,1.204593675921e-06,57.3870335673372,AM
6600.00000000001,0.660000000000001,3.24,3.59960524829259,-450000,488.28125,1.204593675921e-06,57.3870335673372,AM
6600.00000000001,0.660000000000001,3.24,3.59960524829259,-450000,488.28125,1.204593675921e-06,57.3870335673372,AM
6600.00000000001,0.660000000000001,3.24,3.59960524829259,-450000,488.28125,1.204593675921e-06,57.3870335673372,AM
6600.00000000001,0.660000000000001,3.24,3.59960524829259,-450000,488.28125,1.204593675921e-06,57.3870335673372,AM
6600.00000000001,0.660000000000001,3.24,3.59960524829259,-450000,488.28125,1.204593675921e-06,57.3870335673372,AM
6600.00000000001,0.660000000000001,3.24,3.59960524829259,-450000,488.28125,1.204593675921e-06,57.3870335673372,AM
6600.00000000001,0.660000000000001,3.24,3.59960524829259,-450000,488.28125,1.204593675921e-06,57.3870335673372,AM
6600.00000000001,0.660000000000001,3.24,3.59960524829259,-450000,488.28125,1.204593675921e-06,57.3870335673372,AM
6600.00000000001,0.660000000000001,3.24,3.59960524829259,-450000,488.28125,1.204593675921e-06,57.3870335673372,AM
6600.00000000001,0.660000000000001,3.24,3.59960524829259,-450000,488.28125,1.204593675921e-06,57.3870335673372,AM
6600.00000000001,0.660000000000001,3.24,3.59960524829259,-450000,488.28125,1.204593675921e-06,57.3870335673372,AM
6600.00000000001,0.660000000000001,3.24,3.59960524829259,-450000,488.28125,1.204593675921e-06,57.3870335673372,AM
6600.00000000001,0.660000000000001,3.24,3.59960524829259,-450000,488.28125,1.204593675921e-06,57.3870335673372,AM
6600.00000000001,0.660000000000001,3.24,3.59960524829259,-450000,488.28125,1.204593675921e-06,57.3870335673372,AM
6600.00000000001,0.660000000000001,3.24,3.59960524829259,-450000,488.28125,1.204593675921e-06,57.3870335673372,AM
6600.00000000001,0.660000000000001,3.24,3.59960524829259,-450000,488.28125,1.204593675921e-06,57.3870335673372,AM
6600.00000000001,0.660000000000001,3.24,3.59960524829259,-450000,488.28125,1.204593675921e-06,57.3870335673372,AM
6600.00000000001,0.660000000000001,3.24,3.59960524829259,-450000,488.28125,1.204593675921e-06,57.3870335673372,AM
6600.00000000001,0.660000000000001,3.24,3.59960524829259,-450000,488.28125,1.204593675921e-06,57.3870335673372,AM
6600.00000000001,0.660000000000001,3.24,3.59960524829259,-450000,488.28125,1.204593675921e-06,57.3870335673372,AM
6600.00000000001,0.660000000000001,3.24,3.59960524829259,-450000,488.28125,1.204593675921e-06,57.3870335673372,AM
6600.00000000001,0.660000000000001,3.24,3.59960524829259,-450000,488.28125,1.204593675921e-06,57.3870335673372,AM
6600.00000000001,0.660000000000001,3.24,3.59960524829259,-450000,488.28125,1.204593675921e-06,57.3870335673372,AM
6600.00000000001,0.660000000000001,3.24,3.59960524829259,-450000,488.28125,1.204593675921e-06,57.3870335673372,AM
6600.00000000001,0.660000000000001,3.24,3.59960524829259,-450000,488.28125,1.204593675921e-06,57.3870335673372,AM
6600.00000000001,0.660000000000001,3.24,3.59960524829259,-450000,488.28125,1.204593675921e-06,57.3870335673372,AM
6600.00000000001,0.660000000000001,3.24,3.59960524829259,-450000,488.28125,1.204593675921e-06,57.3870335673372,AM
6600.00000000001,0.660000000000001,3.24,3.59960524829259,-450000,488.28125,1.204593675921e-06,57.3870335673372,AM
6600.00000000001,0.660000000000001,3.24,3.59960524829259,-450000,488.28125,1.204593675921e-06,57.3870335673372,AM
6600.00000000001,0.660000000000001,3.24,3.59960524829259,-450000,488.28125,1.204593675921e-06,57.3870335673372,AM
6600.00000000001,0.660000000000001,3.24,3.59960524829259,-450000,488.28125,1.204593675921e-06,57.3870335673372,AM
6600.00000000001,0.660000000000001,3.24,3.59960524829259,-450000,488.28125,1.204593675921e-06,57.3870335673372,AM
6600.00000000001,0.660000000000001,3.24,3.59960524829259,-450000,488.28125,1.204593675921e-06,57.3870335673372,AM
6600.00000000001,0.660000000000001,3.24,3.59960524829259,-450000,488.28125,1.204593675921e-06,57.3870335673372,AM
6600.00000000001,0.660000000000001,3.24,3.59960524829259,-450000,488.28125,1.204593675921e-06,57.3870335673372,AM
6600.00000000001,0.660000000000001,3.24,3.59960524829259,-450000,488.28125,1.204593675921e-06,57.3870335673372,AM
6600.00000000001,0.660000000000001,3.24,3.59960524829259,-450000,488.28125,1.204593675921e-06,57.3870335673372,AM
6600.00000000001,0.660000000000001,3.24,3.59960524829259,-450000,488.28125,1.204593675921e-06,57.3870335673372,AM
6600.00000000001,0.660000000000001,3.24,3.59960524829259,-450000,488.28125,1.204593675921e-06,57.3870335673372,AM
6600.00000000001,0.660000000000001,3.24,3.59960524829259,-450000,488.28125,1.204593675921e-06,57.3870335673372,AM
6600.00000000001,0.660000000000001,3.24,3.59960524829259,-450000,488.28125,1.204593675921e-06,57.3870335673372,AM
6600.00000000001,0.660000000000001,3.24,3.59960524829259,-450000,488.28125,1.204593675921e-06,57.3870335673372,AM
6600.00000000001,0.660000000000001,3.24,3.59960524829259,-450000,488.28125,1.204593675921e-06,57.3870335673372,AM
6600.00000000001,0.660000000000001,3.24,3.59960524829259,-450000,488.28125,1.204593675921e-06,57.3870335673372,AM
4999.99999999998,0.499999999999998,1,1.99998220826225,-425000,488.28125,9.99512569324429e-07,56.9918174439722,FM
4999.99999999998,0.499999999999998,1,1.99998220826225,-425000,488.28125,9.99512569324429e-07,56.9918174439722,FM
4999.99999999998,0.499999999999998,1,1.99998220826225,-425000,488.28125,9.99512569324429e-07,56.9918174439722,FM
4999.99999999998,0.499999999999998,1,1.99998220826225,-425000,488.28125,9.99512569324429e-07,56.9918174439722,FM
4999.99999999998,0.499999999999998,1,1.99998220826225,-425000,488.28125,9.99512569324429e-07,56.9918174439722,FM
4999.99999999998,0.499999999999998,1,1.99998220826225,-425000,488.28125,9.99512569324429e-07,56.9918174439722,FM
4999.99999999998,0.499999999999998,1,1.99998220826225,-425000,488.28125,9.99512569324429e-07,56.9918174439722,FM
4999.99999999998,0.499999999999998,1,1.99998220826225,-425000,488.28125,9.99512569324429e-07,56.9918174439722,FM
4999.99999999998,0.499999999999998,1,1.99998220826225,-425000,488.28125,9.99512569324429e-07,56.9918174439722,FM
4999.99999999998,0.499999999999998,1,1.99998220826225,-425000,488.28125,9.99512569324429e-07,56.9918174439722,FM
4999.99999999998,0.499999999999998,1,1.99998220826225,-425000,488.28125,9.99512569324429e-07,56.9918174439722,FM
4999.99999999998,0.499999999999998,1,1.99998220826225,-425000,488.28125,9.99512569324429e-07,56.9918174439722,FM
4999.99999999998,0.499999999999998,1,1.99998220826225,-425000,488.28125,9.99512569324429e-07,56.9918174439722,FM
4999.99999999998,0.499999999999998,1,1.99998220826225,-425000,488.28125,9.99512569324429e-07,56.9918174439722,FM
4999.99999999998,0.499999999999998,1,1.99998220826225,-425000,488.28125,9.99512569324429e-07,56.9918174439722,FM
4999.99999999998,0.499999999999998,1,1.99998220826225,-425000,488.28125,9.99512569324429e-07,56.9918174439722,FM
4999.99999999998,0.499999999999998,1,1.99998220826225,-425000,488.28125,9.99512569324429e-07,56.9918174439722,FM
4999.99999999998,0.499999999999998,1,1.99998220826225,-425000,488.28125,9.99512569324429e-07,56.9918174439722,FM
4999.99999999998,0.499999999999998,1,1.99998220826225,-425000,488.28125,9.99512569324429e-07,56.9918174439722,FM
4999.99999999998,0.499999999999998,1,1.99998220826225,-425000,488.28125,9.99512569324429e-07,56.9918174439722,FM
4999.99999999998,0.499999999999998,1,1.99998220826225,-425000,488.28125,9.99512569324429e-07,56.9918174439722,FM
4999.99999999998,0.499999999999998,1,1.99998220826225,-425000,488.28125,9.99512569324429e-07,56.9918174439722,FM
4999.99999999998,0.499999999999998,1,1.99998220826225,-425000,488.28125,9.99512569324429e-07,56.9918174439722,FM
4999.99999999998,0.499999999999998,1,1.99998220826225,-425000,488.28125,9.99512569324429e-07,56.9918174439722,FM
4999.99999999998,0.499999999999998,1,1.99998220826225,-425000,488.28125,9.99512569324429e-07,56.9918174439722,FM
4999.99999999998,0.499999999999998,1,1.99998220826225,-425000,488.28125,9.99512569324429e-07,56.9918174439722,FM
4999.99999999998,0.499999999999998,1,1.99998220826225,-425000,488.28125,9.99512569324429e-07,56.9918174439722,FM
4999.99999999998,0.499999999999998,1,1.99998220826225,-425000,488.28125,9.99512569324429e-07,56.9918174439722,FM
4999.99999999998,0.499999999999998,1,1.99998220826225,-425000,488.28125,9.99512569324429e-07,56.9918174439722,FM
4999.99999999998,0.499999999999998,1,1.99998220826225,-425000,488.28125,9.99512569324429e-07,56.9918174439722,FM
4999.99999999998,0.499999999999998,1,1.99998220826225,-425000,488.28125,9.99512569324429e-07,56.9918174439722,FM
4999.99999999998,0.499999999999998,1,1.99998220826225,-425000,488.28125,9.99512569324429e-07,56.9918174439722,FM
4999.99999999998,0.499999999999998,1,1.99998220826225,-425000,488.28125,9.99512569324429e-07,56.9918174439722,FM
4999.99999999998,0.499999999999998,1,1.99998220826225,-425000,488.28125,9.99512569324429e-07,56.9918174439722,FM
4999.99999999998,0.499999999999998,1,1.99998220826225,-425000,488.28125,9.99512569324429e-07,56.9918174439722,FM
4999.99999999998,0.499999999999998,1,1.99998220826225,-425000,488.28125,9.99512569324429e-07,56.9918174439722,FM
4999.99999999998,0.499999999999998,1,1.99998220826225,-425000,488.28125,9.99512569324429e-07,56.9918174439722,FM
4999.99999999998,0.499999999999998,1,1.99998220826225,-425000,488.28125,9.99512569324429e-07,56.9918174439722,FM
4999.99999999998,0.499999999999998,1,1.99998220826225,-425000,488.28125,9.99512569324429e-07,56.9918174439722,FM
4999.99999999998,0.499999999999998,1,1.99998220826225,-425000,488.28125,9.99512569324429e-07,56.9918174439722,FM
4999.99999999998,0.499999999999998,1,1.99998220826225,-425000,488.28125,9.99512569324429e-07,56.9918174439722,FM
4999.99999999998,0.499999999999998,1,1.99998220826225,-425000,488.28125,9.99512569324429e-07,56.9918174439722,FM
4999.99999999998,0.499999999999998,1,1.99998220826225,-425000,488.28125,9.99512569324429e-07,56.9918174439722,FM
4999.99999999998,0.499999999999998,1,1.99998220826225,-425000,488.28125,9.99512569324429e-07,56.9918174439722,FM
4999.99999999998,0.499999999999998,1,1.99998220826225,-425000,488.28125,9.99512569324429e-07,56.9918174439722,FM
4999.99999999998,0.499999999999998,1,1.99998220826225,-425000,488.28125,9.99512569324429e-07,56.9918174439722,FM
4999.99999999998,0.499999999999998,1,1.99998220826225,-425000,488.28125,9.99512569324429e-07,56.9918174439722,FM
4999.99999999998,0.499999999999998,1,1.99998220826225,-425000,488.28125,9.99512569324429e-07,56.9918174439722,FM
4999.99999999998,0.499999999999998,1,1.99998220826225,-425000,488.28125,9.99512569324429e-07,56.9918174439722,FM
4999.99999999998,0.499999999999998,1,1.99998220826225,-425000,488.28125,9.99512569324429e-07,56.9918174439722,FM
4999.99999999998,0.499999999999998,1,1.99998220826225,-425000,488.28125,9.99512569324429e-07,56.9918174439722,FM
4999.99999999998,0.499999999999998,1,1.99998220826225,-425000,488.28125,9.99512569324429e-07,56.9918174439722,FM
4999.99999999998,0.499999999999998,1,1.99998220826225,-425000,488.28125,9.99512569324429e-07,56.9918174439722,FM
4999.99999999998,0.499999999999998,1,1.99998220826225,-425000,488.28125,9.99512569324429e-07,56.9918174439722,FM
4999.99999999998,0.499999999999998,1,1.99998220826225,-425000,488.28125,9.99512569324429e-07,56.9918174439722,FM
4999.99999999998,0.499999999999998,1,1.99998220826225,-425000,488.28125,9.99512569324429e-07,56.9918174439722,FM
4999.99999999998,0.499999999999998,1,1.99998220826225,-425000,488.28125,9.99512569324429e-07,56.9918174439722,FM
4999.99999999998,0.499999999999998,1,1.99998220826225,-425000,488.28125,9.99512569324429e-07,56.9918174439722,FM
4999.99999999998,0.499999999999998,1,1.99998220826225,-425000,488.28125,9.99512569324429e-07,56.9918174439722,FM
4999.99999999998,0.499999999999998,1,1.99998220826225,-425000,488.28125,9.99512569324429e-07,56.9918174439722,FM
4999.99999999998,0.499999999999998,1,1.99998220826225,-425000,488.28125,9.99512569324429e-07,56.9918174439722,FM
4999.99999999998,0.499999999999998,1,1.99998220826225,-425000,488.28125,9.99512569324429e-07,56.9918174439722,FM
4999.99999999998,0.499999999999998,1,1.99998220826225,-425000,488.28125,9.99512569324429e-07,56.9918174439722,FM
4999.99999999998,0.499999999999998,1,1.99998220826225,-425000,488.28125,9.99512569324429e-07,56.9918174439722,FM
4999.99999999998,0.499999999999998,1,1.99998220826225,-425000,488.28125,9.99512569324429e-07,56.9918174439722,FM
4999.99999999998,0.499999999999998,1,1.99998220826225,-425000,488.28125,9.99512569324429e-07,56.9918174439722,FM
4999.99999999998,0.499999999999998,1,1.99998220826225,-425000,488.28125,9.99512569324429e-07,56.9918174439722,FM
4999.99999999998,0.499999999999998,1,1.99998220826225,-425000,488.28125,9.99512569324429e-07,56.9918174439722,FM
4999.99999999998,0.499999999999998,1,1.99998220826225,-425000,488.28125,9.99512569324429e-07,56.9918174439722,FM
4999.99999999998,0.499999999999998,1,1.99998220826225,-425000,488.28125,9.99512569324429e-07,56.9918174439722,FM
4999.99999999998,0.499999999999998,1,1.99998220826225,-425000,488.28125,9.99512569324429e-07,56.9918174439722,FM
4999.99999999998,0.499999999999998,1,1.99998220826225,-425000,488.28125,9.99512569324429e-07,56.9918174439722,FM
4999.99999999998,0.499999999999998,1,1.99998220826225,-425000,488.28125,9.99512569324429e-07,56.9918174439722,FM
4999.99999999998,0.499999999999998,1,1.99998220826225,-425000,488.28125,9.99512569324429e-07,56.9918174439722,FM
4999.99999999998,0.499999999999998,1,1.99998220826225,-425000,488.28125,9.99512569324429e-07,56.9918174439722,FM
4999.99999999998,0.499999999999998,1,1.99998220826225,-425000,488.28125,9.99512569324429e-07,56.9918174439722,FM
4999.99999999998,0.499999999999998,1,1.99998220826225,-425000,488.28125,9.99512569324429e-07,56.9918174439722,FM
4999.99999999998,0.499999999999998,1,1.99998220826225,-425000,488.28125,9.99512569324429e-07,56.9918174439722,FM
4999.99999999998,0.499999999999998,1,1.99998220826225,-425000,488.28125,9.99512569324429e-07,56.9918174439722,FM
4999.99999999998,0.499999999999998,1,1.99998220826225,-425000,488.28125,9.99512569324429e-07,56.9918174439722,FM
4999.99999999998,0.499999999999998,1,1.99998220826225,-425000,488.28125,9.99512569324429e-07,56.9918174439722,FM
4999.99999999998,0.499999999999998,1,1.99998220826225,-425000,488.28125,9.99512569324429e-07,56.9918174439722,FM
4999.99999999998,0.499999999999998,1,1.99998220826225,-425000,488.28125,9.99512569324429e-07,56.9918174439722,FM
4999.99999999998,0.499999999999998,1,1.99998220826225,-425000,488.28125,9.99512569324429e-07,56.9918174439722,FM
4999.99999999998,0.499999999999998,1,1.99998220826225,-425000,488.28125,9.99512569324429e-07,56.9918174439722,FM
4999.99999999998,0.499999999999998,1,1.99998220826225,-425000,488.28125,9.99512569324429e-07,56.9918174439722,FM
4999.99999999998,0.499999999999998,1,1.99998220826225,-425000,488.28125,9.99512569324429e-07,56.9918174439722,FM
4999.99999999998,0.499999999999998,1,1.99998220826225,-425000,488.28125,9.99512569324429e-07,56.9918174439722,FM
4999.99999999998,0.499999999999998,1,1.99998220826225,-425000,488.28125,9.99512569324429e-07,56.9918174439722,FM
4999.99999999998,0.499999999999998,1,1.99998220826225,-425000,488.28125,9.99512569324429e-07,56.9918174439722,FM
4999.99999999998,0.499999999999998,1,1.99998220826225,-425000,488.28125,9.99512569324429e-07,56.9918174439722,FM
4999.99999999998,0.499999999999998,1,1.99998220826225,-425000,488.28125,9.99512569324429e-07,56.9918174439722,FM
4999.99999999998,0.499999999999998,1,1.99998220826225,-425000,488.28125,9.99512569324429e-07,56.9918174439722,FM
4999.99999999998,0.499999999999998,1,1.99998220826225,-425000,488.28125,9.99512569324429e-07,56.9918174439722,FM
4999.99999999998,0.499999999999998,1,1.99998220826225,-425000,488.28125,9.99512569324429e-07,56.9918174439722,FM
4999.99999999998,0.499999999999998,1,1.99998220826225,-425000,488.28125,9.99512569324429e-07,56.9918174439722,FM
4999.99999999998,0.499999999999998,1,1.99998220826225,-425000,488.28125,9.99512569324429e-07,56.9918174439722,FM
4999.99999999998,0.499999999999998,1,1.99998220826225,-425000,488.28125,9.99512569324429e-07,56.9918174439722,FM
4999.99999999998,0.499999999999998,1,1.99998220826225,-425000,488.28125,9.99512569324429e-07,56.9918174439722,FM
4999.99999999998,0.499999999999998,1,1.99998220826225,-425000,488.28125,9.99512569324429e-07,56.9918174439722,FM
44400.0000000002,4.44000000000002,17.5595086466663,8.38081348000668,-300000,1220.703125,8.73750039816484e-06,57.0599576157024,QAM16
42399.9999999999,4.23999999999999,17.559508646667,8.3808134800069,-299700,3173.828125,8.83261586595499e-06,56.8127651338822,QAM16
43600.0000000002,4.36000000000002,17.5595086466666,8.38081348000689,-300000,976.5625,8.34386702905745e-06,57.1811911487202,QAM16
44400.0000000001,4.44000000000001,17.559508646666,8.38081348000668,-296800,4638.671875,8.70157634612554e-06,57.0778503514997,QAM16
43200.0000000005,4.32000000000005,17.5595086466658,8.38081348000632,-302300,7324.21875,8.64288855220303e-06,56.9882483389297,QAM16
46000,4.6,17.5595086466656,8.38081348000665,-300200,4150.390625,9.45095395095685e-06,56.8728218457686,QAM16
43599.9999999996,4.35999999999996,17.5595086466673,8.38081348000597,-297000,7080.078125,8.87019257322662e-06,56.9155344073541,QAM16
45199.9999999995,4.51999999999995,17.5595086466664,8.3808134800069,-299300,7080.078125,9.11980457173653e-06,56.9515290287833,QAM16
45999.9999999993,4.59999999999993,17.5595086466673,8.38081348000666,-300000,3662.109375,9.46063050903897e-06,56.8683775051534,QAM16
43600.0000000004,4.36000000000004,17.5595086466649,8.38081348000654,-300000,732.421875,8.83526678619024e-06,56.9326682144494,QAM16
41999.9999999999,4.19999999999999,17.559508646667,8.38081348000683,-300000,6103.515625,8.61380574719491e-06,56.8805421678053,QAM16
45999.9999999995,4.59999999999995,17.5595086466665,8.38081348000668,-300000,976.5625,9.26885711345194e-06,56.9573164445411,QAM16
45200,4.52,17.5595086466666,8.38081348000685,-300000,2685.546875,9.3125102454982e-06,56.8607167124984,QAM16
44000,4.4,17.5595086466659,8.38081348000567,-300000,3906.25,8.63183670464491e-06,57.073494606295,QAM16
41199.9999999999,4.11999999999999,17.5595086466674,8.38081348000696,-297800,6591.796875,8.48671648236176e-06,56.8615752218716,QAM16
42400.0000000002,4.24000000000002,17.5595086466664,8.38081348000567,-300000,6835.9375,8.78692683954896e-06,56.835288461369,QAM16
45999.9999999998,4.59999999999998,17.559508646667,8.38081348000691,-300000,976.5625,8.86694402564771e-06,57.149838647787,QAM16
48399.9999999996,4.83999999999996,17.5595086466669,8.38081348000688,-300700,5371.09375,9.88242168906014e-06,56.8998198008084,QAM16
43600.0000000001,4.36000000000001,17.5595086466673,8.38081348000694,-297800,7080.078125,9.0160260259289e-06,56.8447133258136,QAM16
50400.0000000001,5.04000000000001,17.5595086466661,8.3808134800068,-300000,7568.359375,9.71356002345431e-06,57.1505210826933,QAM16
47200,4.72,17.559508646667,8.38081348000694,-300000,5126.953125,9.60751887336508e-06,56.9133075235274,QAM16
44000,4.4,17.5595086466665,8.38081348000677,-300400,4638.671875,8.81113459433349e-06,56.9842084113524,QAM16
42799.9999999997,4.27999999999997,17.5595086466665,8.38081348000687,-300000,7812.5,8.47660346283521e-06,57.0322190176132,QAM16
45200.0000000002,4.52000000000002,17.559508646666,8.38081348000674,-301100,1953.125,9.00553003497736e-06,57.0062915580224,QAM16
46000.0000000004,4.60000000000004,17.5595086466667,8.38081348000691,-301700,2929.6875,9.1134566484052e-06,57.0307469964863,QAM16
46000.0000000001,4.60000000000001,17.5595086466669,8.380813480007,-300000,1953.125,9.41107622035758e-06,56.8911854089655,QAM16
38799.9999999999,3.87999999999999,17.559508646666,8.3808134800068,-300000,1953.125,7.49999893733334e-06,57.1377052373721,QAM16
48799.9999999992,4.87999999999992,17.5595086466666,8.38081348000685,-300000,7080.078125,9.32427302149672e-06,57.1880484050964,QAM16
44800,4.48,17.559508646666,8.38081348000669,-300000,732.421875,9.41817606738145e-06,56.7731120893015,QAM16
46799.9999999999,4.67999999999999,17.5595086466662,8.38081348000683,-300500,5126.953125,9.49323304961631e-06,56.9283171056369,QAM16
41599.9999999998,4.15999999999999,17.5595086466669,8.38081348000689,-300300,7568.359375,8.16219183052375e-06,57.0728653313743,QAM16
43199.9999999996,4.31999999999996,17.5595086466662,8.38081348000679,-300000,6347.65625,8.57331774245165e-06,57.0233482706155,QAM16
44800.0000000001,4.48000000000001,17.5595086466666,8.38081348000681,-300000,4150.390625,8.91812551720202e-06,57.0100443351039,QAM16
43600.0000000002,4.36000000000002,17.5595086466661,8.38081348000679,-300000,5859.375,9.02879147699442e-06,56.8385686630807,QAM16
48399.9999999998,4.83999999999998,17.5595086466667,8.38081348000693,-299700,5126.953125,9.35493013151918e-06,57.1380481337963,QAM16
44800,4.48,17.5595086466666,8.38081348000663,-300000,3173.828125,9.26278341787026e-06,56.8453650448887,QAM16
43600.0000000001,4.36000000000001,17.5595086466656,8.38081348000658,-299600,7812.5,8.70743180562722e-06,56.99596407408,QAM16
46400.0000000001,4.64000000000001,17.5595086466661,8.38081348000671,-300000,2197.265625,9.47750130191974e-06,56.8982412779758,QAM16
44399.9999999999,4.43999999999999,17.5595086466673,8.38081348000698,-300000,732.421875,8.80918173416264e-06,57.0244740050417,QAM16
45200.0000000008,4.52000000000008,17.5595086466658,8.3808134800067,-300000,6347.65625,9.06762009946798e-06,56.9764511834598,QAM16
46400,4.64,17.5595086466658,8.3808134800067,-300000,5126.953125,9.37726893730353e-06,56.9444160893078,QAM16
40400,4.04,17.5595086466661,8.3808134800061,-299900,732.421875,8.27635661835163e-06,56.8854216948164,QAM16
40000.0000000002,4.00000000000002,17.5595086466665,8.38081348000688,-300000,5859.375,7.76893410644174e-06,57.1169855340798,QAM16
45600,4.56,17.5595086466665,8.38081348000673,-300000,3906.25,9.53686134194484e-06,56.7955937426571,QAM16
48800.0000000001,4.88000000000001,17.5595086466673,8.38081348000698,-300000,6103.515625,9.6716642583535e-06,57.0291860996423,QAM16
45200.0000000005,4.52000000000004,17.559508646666,8.38081348000662,-300300,1464.84375,9.03589933202891e-06,56.9916705096367,QAM16
42800.0000000005,4.28000000000005,17.559508646667,8.38081348000699,-298800,4150.390625,8.38067551340639e-06,57.0816474323241,QAM16
43199.9999999998,4.31999999999998,17.5595086466665,8.38081348000654,-300000,4638.671875,8.54163894150279e-06,57.0394253713771,QAM16
44399.9999999997,4.43999999999997,17.5595086466669,8.38081348000581,-300000,488.28125,8.88003243394199e-06,56.9896841809094,QAM16
46399.9999999996,4.63999999999996,17.5595086466663,8.38081348000684,-300000,3906.25,9.2810105058267e-06,56.9892271627433,QAM16
45999.9999999992,4.59999999999992,17.5595086466669,8.38081348000691,-300000,4150.390625,9.32469665825865e-06,56.9312311900644,QAM16
44000,4.4,17.5595086466669,8.38081348000698,-300000,3173.828125,8.86695082759458e-06,56.9567837643056,QAM16
43999.9999999999,4.39999999999999,17.5595086466673,8.38081348000708,-302800,6591.796875,8.41383327939134e-06,57.1845877429103,QAM16
44000,4.4,17.5595086466665,8.38081348000678,-301900,5371.09375,8.87025228851167e-06,56.9551670423617,QAM16
44799.9999999996,4.47999999999996,17.5595086466665,8.38081348000686,-300000,10009.765625,8.75997652945307e-06,57.0877507143082,QAM16
51200.0000000003,5.12000000000003,17.559508646666,8.38081348000657,-300000,4882.8125,1.05643940893804e-05,56.8542536741378,QAM16
39599.9999999998,3.95999999999998,17.5595086466651,8.38081348000657,-300000,6103.515625,8.20016333515998e-06,56.8387268295006,QAM16
44400.0000000002,4.44000000000002,17.5595086466669,8.38081348000696,-300000,10009.765625,8.99474209569834e-06,56.9339425468662,QAM16
44399.9999999998,4.43999999999998,17.5595086466673,8.38081348000703,-300000,5371.09375,9.06916181514393e-06,56.898158193146,QAM16
40799.9999999994,4.07999999999994,17.5595086466657,8.38081348000674,-300000,2929.6875,7.67804927538395e-06,57.2540926812971,QAM16
47600.0000000002,4.76000000000002,17.5595086466674,8.38081348000695,-301200,6835.9375,9.68261212009492e-06,56.9161441810739,QAM16
45600.0000000007,4.56000000000007,17.5595086466665,8.38081348000683,-300000,6347.65625,9.27547751597386e-06,56.9162856564807,QAM16
38799.9999999999,3.87999999999999,17.5595086466674,8.38081348000694,-300000,5615.234375,7.38795352305714e-06,57.2030757092445,QAM16
45600.0000000001,4.56000000000001,17.5595086466665,8.38081348000684,-298100,7324.21875,9.00876673978246e-06,57.0429950060502,QAM16
44000.0000000004,4.40000000000004,17.559508646667,8.38081348000699,-303500,9277.34375,8.90170091999784e-06,56.9397967775251,QAM16
45200.0000000004,4.52000000000004,17.5595086466667,8.3808134800069,-300600,5859.375,9.24847279782119e-06,56.8906841128724,QAM16
43999.9999999997,4.39999999999997,17.5595086466665,8.38081348000684,-300000,8789.0625,9.00521319259169e-06,56.8895867756826,QAM16
41999.9999999999,4.19999999999999,17.5595086466659,8.38081348000669,-298400,6347.65625,8.1663923494944e-06,57.1121904888794,QAM16
41200,4.12,17.559508646667,8.38081348000694,-300300,6103.515625,8.20565420841538e-06,57.0078400446747,QAM16
41599.9999999998,4.15999999999998,17.5595086466662,8.38081348000661,-300000,7568.359375,8.37613407117576e-06,56.9604971043902,QAM16
43600.0000000002,4.36000000000002,17.5595086466661,8.38081348000637,-300000,6835.9375,8.87486749847573e-06,56.9132461149756,QAM16
48800.0000000002,4.88000000000002,17.5595086466667,8.38081348000696,-300000,7324.21875,9.82656882389869e-06,56.9601792176729,QAM16
44400.0000000002,4.44000000000002,17.5595086466669,8.38081348000687,-301500,2197.265625,8.47930059399247e-06,57.1902293869476,QAM16
43599.9999999998,4.35999999999998,17.5595086466663,8.38081348000681,-299300,4638.671875,8.75516642151287e-06,56.9722208353698,QAM16
47199.9999999997,4.71999999999997,17.5595086466655,8.38081348000665,-300000,4638.671875,9.15897821260481e-06,57.1209497271509,QAM16
48000.0000000003,4.80000000000003,17.5595086466665,8.3808134800069,-300000,2929.6875,9.46894901248944e-06,57.0493945936558,QAM16
46800,4.68,17.5595086466674,8.38081348000685,-300200,4150.390625,9.64676200109876e-06,56.8586428906054,QAM16
45599.9999999995,4.55999999999995,17.5595086466662,8.38081348000684,-302300,5615.234375,9.03958780099209e-06,57.0281621526827,QAM16
48400,4.84,17.5595086466666,8.38081348000693,-300000,5126.953125,9.52219265381015e-06,57.0610839773421,QAM16
47199.9999999997,4.71999999999997,17.5595086466666,8.38081348000687,-298000,3417.96875,9.80168015312889e-06,56.8264147205486,QAM16
48800,4.88,17.5595086466669,8.38081348000689,-300000,2197.265625,9.72628126896688e-06,57.0047299746621,QAM16
46799.9999999998,4.67999999999998,17.559508646666,8.38081348000664,-300000,1953.125,9.09795646176721e-06,57.1130199888965,QAM16
41199.9999999997,4.11999999999997,17.5595086466673,8.38081348000696,-301200,5615.234375,7.90154172795294e-06,57.1718537808237,QAM16
41999.9999999998,4.19999999999998,17.5595086466665,8.38081348000689,-300900,4394.53125,8.19214993917047e-06,57.0985139789426,QAM16
47199.9999999999,4.71999999999999,17.5595086466665,8.38081348000685,-300300,7568.359375,9.56902253090216e-06,56.9307442147546,QAM16
45199.9999999998,4.51999999999998,17.5595086466659,8.38081348000646,-300000,4394.53125,8.92510186884328e-06,57.0452525307208,QAM16
45999.9999999996,4.59999999999996,17.5595086466665,8.38081348000664,-300000,7568.359375,9.35600407791941e-06,56.9166742925229,QAM16
47600.0000000001,4.76000000000001,17.5595086466662,8.38081348000673,-300000,8544.921875,9.47273315633812e-06,57.0113164917041,QAM16
41599.9999999998,4.15999999999998,17.5595086466657,8.38081348000627,-300000,7080.078125,8.51718513879659e-06,56.8879724298157,QAM16
39199.9999999996,3.91999999999996,17.5595086466664,8.38081348000677,-301000,4882.8125,7.80832676000458e-06,57.0072808778477,QAM16
46799.9999999997,4.67999999999997,17.5595086466665,8.3808134800068,-299200,1953.125,9.12294650001328e-06,57.1011072504987,QAM16
43199.9999999998,4.31999999999998,17.5595086466674,8.38081348000704,-299500,4150.390625,8.95734606338875e-06,56.8330439348726,QAM16
45600,4.56,17.5595086466674,8.38081348000697,-297700,6103.515625,8.9196224447693e-06,57.0861837098154,QAM16
42399.9999999998,4.23999999999998,17.5595086466674,8.38081348000704,-301200,8300.78125,7.97132069811797e-06,57.2583557479672,QAM16
45200.0000000004,4.52000000000004,17.5595086466673,8.38081348000696,-300300,8300.78125,9.04601986031738e-06,56.9868089791743,QAM16
44000.0000000005,4.40000000000005,17.5595086466669,8.38081348000698,-299300,7324.21875,8.82127359219489e-06,56.9792138453669,QAM16
40800,4.08,17.5595086466669,8.3808134800068,-300700,3173.828125,8.35816598322414e-06,56.8854917162535,QAM16
45200.0000000007,4.52000000000007,17.5595086466666,8.38081348000626,-299900,488.28125,9.15542039838504e-06,56.934601437917,QAM16
46399.9999999997,4.63999999999997,17.5595086466665,8.38081348000674,-300000,5126.953125,9.36429668183022e-06,56.9504281589332,QAM16
43599.9999999997,4.35999999999997,17.5595086466673,8.38081348000705,-300000,2197.265625,8.74235383489453e-06,56.9785810928008,QAM16
24.3972797503804,0.0152482998439878,0.151350291558902,0.766258517117622,-313125,482421.875,3.11894274505611e-08,56.8921402097011,OFDM
25.8340510843794,0.0161462819277372,0.181009113004778,0.795706959322376,-498750,496093.75,3.20234162919054e-08,57.0260487031329,OFDM
25.3247996899183,0.015827999806199,0.221664046847867,0.908312114168558,-393125,484375,3.11576513744207e-08,57.0586132262797,OFDM
24.8438777965645,0.0155274236228528,0.199174863288667,0.859009847937765,-61875,427734.375,3.09064726934957e-08,57.0104995913724,OFDM
24.7650601835587,0.0154781626147242,0.208212665964472,0.887833883753328,-481875,496093.75,3.09358604691548e-08,56.9925720481836,OFDM
24.4349035808535,0.0152718147380334,0.189403668544104,0.812426186809016,0,500000,3.09388433461865e-08,56.9338657350782,OFDM
24.7200833583583,0.0154500520989739,0.21259059296576,0.850924357993957,-236875,482421.875,3.16525181627006e-08,56.8852168157866,OFDM
25.5990497885261,0.0159994061178288,0.170044883293398,0.760013830428745,-28750,486328.125,3.17875015695845e-08,57.0184746774428,OFDM
25.2860310568439,0.0158037694105275,0.25,0.866317837396242,-500000,498046.875,3.12679516145445e-08,57.0366125311778,OFDM
25.4629447459755,0.0159143404662347,0.178897732532765,0.813128082149051,-171250,449218.75,3.15668726824553e-08,57.0255708633822,OFDM
24.9169851829961,0.0155731157393726,0.184183957076797,0.787925952836569,-376875,484375,3.13238541768532e-08,56.9650031777416,OFDM
24.8043016479967,0.0155026885299979,0.2197265625,0.798543055005238,-49375,496093.75,3.07159975283069e-08,57.0304239758722,OFDM
25.2744343158765,0.0157965214474228,0.179238340549331,0.824221799582363,-454375,458984.375,3.13320478728684e-08,57.0257268004044,OFDM
25.0366748936294,0.0156479218085184,0.215530958456363,0.867650299641616,-263750,496093.75,3.13439427396814e-08,56.9830304204673,OFDM
25.3051002002395,0.0158156876251497,0.176526805934274,0.818449858706301,-108750,439453.125,3.24469601428344e-08,56.8791406335085,OFDM
26.2807744223286,0.0164254840139554,0.179862912304191,0.820666616681846,-94375,439453.125,3.29664907988217e-08,56.9744545585432,OFDM
24.0690898039042,0.0150431811274401,0.152623674922851,0.75419824282067,-391875,427734.375,3.02994132656381e-08,56.9590546599186,OFDM
25.8825309525445,0.0161765818453403,0.250950910296847,0.827299461341319,-247500,453125,3.11932115238446e-08,57.1482666917417,OFDM
24.1600551489226,0.0151000344680766,0.382943816882638,1.05214490622091,-170000,435546.875,3.00342197337534e-08,57.0136158484739,OFDM
25.2017176200952,0.0157510735125595,0.176076919512775,0.836923644977623,-471875,486328.125,3.12939088952399e-08,57.0185034453897,OFDM
24.7573264928176,0.015473329058011,0.153456650690224,0.762301651876702,-435625,435546.875,3.06314593443342e-08,57.0341607344142,OFDM
24.599941486878,0.0153749634292988,0.1671300490094,0.794924566139701,-188125,464843.75,3.06081881902287e-08,57.0097646854988,OFDM
23.0857780758912,0.014428611297432,0.245686564460809,0.873261352890223,-60000,496093.75,2.90112435260329e-08,56.9665818918216,OFDM
24.1194000924715,0.0150746250577947,0.192756224848353,0.79410033127849,-329375,496093.75,2.98184359027567e-08,57.0376165978053,OFDM
23.2235171713072,0.014514698232067,0.162075765744418,0.796845843912666,-435000,468750,2.81472470844268e-08,57.1237208556652,OFDM
25.2158493631539,0.0157599058519712,0.1650390625,0.806007425020353,-121875,488281.25,3.20118244440719e-08,56.922431922158,OFDM
24.0118868596886,0.0150074292873053,0.17668971312641,0.790219067792645,-487500,466796.875,2.96533433566481e-08,57.0423263938707,OFDM
26.3071279682439,0.0164419549801525,0.207685440395477,0.887529649780298,-216250,472656.25,3.27684501011959e-08,57.0049755433853,OFDM
26.3137138547442,0.0164460711592151,0.19264928331972,0.860679066633195,-340000,472656.25,3.30715877597639e-08,56.9660711924371,OFDM
25.1015930739972,0.0156884956712482,0.2197265625,0.81744184199582,-46250,472656.25,3.08999324793925e-08,57.0562377179054,OFDM
25.6597349842224,0.016037334365139,0.239978077123272,0.864875573103285,-73750,476562.5,3.19877849863489e-08,57.0014801583891,OFDM
25.3999518622635,0.0158749699139147,0.186745047912959,0.838390079040302,-328750,484375,3.07591246910727e-08,57.1273893825785,OFDM
25.4204470572521,0.0158877794107826,0.165326472973152,0.733715895807872,-393125,486328.125,3.10889595721762e-08,57.0845701323714,OFDM
25.1947096806083,0.0157466935503802,0.186586947011565,0.810044143154054,-249375,478515.625,3.14397756928664e-08,56.9970993677272,OFDM
24.8019257923243,0.0155012036202027,0.153308152986863,0.74584374232663,-200000,496093.75,3.04886790700108e-08,57.0622681224298,OFDM
25.4179037551785,0.0158861898469865,0.170231280969476,0.791851332148974,-109375,267578.125,3.21713247320043e-08,56.9355080386081,OFDM
23.0958082982266,0.0144348801863916,0.161294234412475,0.785195756340888,-248125,496093.75,2.98351737486006e-08,56.8468461211221,OFDM
24.5440928390538,0.0153400580244086,0.162868501774417,0.792795411298843,-373125,464843.75,3.02229133731099e-08,57.0549067600721,OFDM
24.4750563049928,0.0152969101906205,0.154373015437155,0.778866475323231,-155625,464843.75,3.02343589723134e-08,57.0410295177199,OFDM
25.3851277145148,0.0158657048215718,0.17177352120071,0.795356641889713,-280625,451171.875,3.15634800100745e-08,57.012744900382,OFDM
25.9001338692138,0.0161875836682586,0.218975646159072,0.870314215053812,-265000,470703.125,3.17194575293047e-08,57.0785627481268,OFDM
23.5660258146904,0.0147287661341815,0.1933286704076,0.8253299540044,-438750,482421.875,2.94595320252777e-08,56.9894052277905,OFDM
25.1399708893617,0.0157124818058511,0.158388973272527,0.770012672960345,-248750,486328.125,3.11058837345658e-08,57.0340224341702,OFDM
24.7403781997541,0.0154627363748463,0.148646611655424,0.748271719239589,-216875,472656.25,3.1198693510978e-08,56.9514994392614,OFDM
25.6856758435634,0.0160535474022271,0.160173230214413,0.796520100828906,-422500,458984.375,3.19711188801099e-08,57.0081317938285,OFDM
25.2029447094153,0.0157518404433846,0.196393561467556,0.857496943571173,-16250,482421.875,3.04101055918765e-08,57.1431337588065,OFDM
25.3245018675336,0.0158278136672085,0.198546200713657,0.844048941224008,-122500,437500,3.15133815665561e-08,57.0092592093337,OFDM
24.7595084694541,0.0154746927934088,0.25,0.932926841234029,-75625,435546.875,3.20560556770238e-08,56.8371195234382,OFDM
25.6812085255031,0.0160507553284394,0.182075099150589,0.818283550010555,-105625,484375,3.11119328362722e-08,57.1256848198064,OFDM
26.0737999033227,0.0162961249395767,0.19082040840485,0.831900968736143,-467500,496093.75,3.23662488501429e-08,57.0199197675691,OFDM
24.7576850946129,0.0154735531841331,0.145992323875238,0.742304203809768,-35000,484375,3.08313025022319e-08,57.0059817961043,OFDM
24.5387619650933,0.0153367262281833,0.224164990963253,0.92459312378022,-283750,482421.875,3.07024986869117e-08,56.9855894370551,OFDM
24.2629884742799,0.0151643677964249,0.163032552317632,0.782897480156909,-295625,466796.875,2.97085420929321e-08,57.0794296935186,OFDM
23.5375019399947,0.0147109387124967,0.156205922952693,0.783423123830128,-216250,496093.75,2.99189605000684e-08,56.9169388577258,OFDM
27.5931553328689,0.017245722083043,0.171477941122511,0.810109674204046,-435000,453125,3.41614614962539e-08,57.0314494070272,OFDM
24.7156702482167,0.0154472939051354,0.219682619256739,0.870547732510582,-200625,457031.25,3.01538050946135e-08,57.0951028629812,OFDM
23.3904807221919,0.0146190504513699,0.1686485663904,0.78314390356018,-403750,390625,2.87878967933058e-08,57.0570922784322,OFDM
26.0840335298807,0.0163025209561755,0.197002770534815,0.843473477642165,-138750,482421.875,3.24609116634504e-08,57.0089405434111,OFDM
24.1468128829757,0.0150917580518598,0.176694489833217,0.798296724551986,-373750,498046.875,3.05009847635115e-08,56.9442597273089,OFDM
25.806721109053,0.0161292006931581,0.190233943447209,0.846143542624109,-499375,484375,3.19393824265863e-08,57.0328633135111,OFDM
24.2942566722258,0.0151839104201411,0.127788212431198,0.713632726095026,-92500,488281.25,3.08035625948836e-08,56.9278268504406,OFDM
24.522993255897,0.0153268707849356,0.2197265625,0.844324128561583,-14375,482421.875,3.09029982923307e-08,56.9545287815219,OFDM
24.3785701026979,0.0152366063141862,0.148969531125177,0.729715712369865,-218125,496093.75,3.02162925704534e-08,57.0264706941117,OFDM
24.73806817491,0.0154612926093187,0.142687331837272,0.734433941173683,-233125,488281.25,3.08380692279066e-08,57.001586203456,OFDM
24.6583885596983,0.0154114928498115,0.165657420430665,0.760414936159944,-500000,496093.75,3.02702476954881e-08,57.0682873441191,OFDM
25.9281318051392,0.016205082378212,0.216791942740348,0.909466413996288,-78750,439453.125,3.21851810832534e-08,57.0199528616136,OFDM
24.7973092471699,0.0154983182794812,0.185388764762328,0.776222665940856,-187500,462890.625,3.10085174521476e-08,56.9880357280316,OFDM
24.5704660684105,0.0153565412927566,0.174739292339247,0.806382353853768,-91875,427734.375,3.07723783417317e-08,56.9813234849605,OFDM
25.2910627828176,0.015806914239261,0.159994184076767,0.768106672198122,-264375,498046.875,3.05859851521619e-08,57.1332462365916,OFDM
25.5224778348749,0.0159515486467968,0.196703009330323,0.856333816098911,-438750,496093.75,3.1635819088274e-08,57.0262376933483,OFDM
26.3541584559209,0.0164713490349506,0.213275824514383,0.826094651329513,-408750,484375,3.30985204933443e-08,56.9692058896448,OFDM
24.8033289249219,0.0155020805780762,0.145906145825331,0.752641215475754,-95625,484375,3.15456805398462e-08,56.9145008902768,OFDM
25.7367266989266,0.0160854541868291,0.176324235842133,0.789305690445192,-264375,427734.375,3.15898775056299e-08,57.0688538622657,OFDM
24.0784226185403,0.0150490141365877,0.189218735239693,0.811434201076131,-262500,486328.125,3.00028871869664e-08,57.0034500113736,OFDM
24.6055022437313,0.0153784389023321,0.196501228883454,0.825696345720777,-250000,498046.875,3.07133691134907e-08,56.995847924195,OFDM
24.8189358195236,0.0155118348872022,0.178481818579005,0.819156194564572,-261875,478515.625,3.15653908216686e-08,56.9145200248764,OFDM
23.6859720264905,0.0148037325165566,0.242209332714958,0.862836372113789,-76875,412109.375,2.9349117785768e-08,57.0277617819217,OFDM
27.0831282659727,0.0169269551662329,0.252806488655033,0.9765364843098,-183125,482421.875,3.35229900996483e-08,57.0323609511096,OFDM
24.2131009849121,0.01513318811557,0.1650390625,0.803743622255528,-106250,496093.75,2.98329955577229e-08,57.0523356722819,OFDM
24.1527265455265,0.015095454090954,0.174145652210489,0.826251657816517,-295625,449218.75,3.00828158060397e-08,57.0052769712802,OFDM
24.6535128306,0.015408445519125,0.128759020317826,0.710269520808441,-124375,482421.875,3.00656542215285e-08,57.096881687042,OFDM
24.8673556975062,0.0155420973109414,0.14955811291899,0.754938141597979,-425000,484375,3.17083007703273e-08,56.9033665474448,OFDM
25.2105821761422,0.0157566138600889,0.248916378224504,0.909725209849496,-436875,486328.125,3.22142022953677e-08,56.894155105026,OFDM
26.4970016435617,0.016560626027226,0.19824410224527,0.809570431191386,-331250,470703.125,3.35786069600328e-08,56.9301407496089,OFDM
24.7553847410727,0.0154721154631704,0.210980215688081,0.89115828720613,-78750,498046.875,3.12937425567183e-08,56.9409219229886,OFDM
24.1956403884573,0.0151222752427858,0.19484187889077,0.833265332792256,-248125,496093.75,3.02409517287815e-08,56.9902168350409,OFDM
24.8688279525516,0.0155430174703448,0.155997644633366,0.75787413897225,-218125,421875,3.02486992616116e-08,57.108286310629,OFDM
25.2314405527975,0.0157696503454984,0.237721665337415,0.832924844381473,-343750,484375,3.17975007042805e-08,56.9542907837464,OFDM
25.3021395044399,0.0158138371902749,0.189690835336121,0.850215794091052,-217500,478515.625,3.15845377288459e-08,56.9956273830579,OFDM
24.8776278430393,0.0155485174018995,0.205310539896751,0.896624190937681,-126875,498046.875,3.04766319093455e-08,57.0772201429252,OFDM
23.8800811730188,0.0149250507331367,0.241408153626491,0.88084254973057,-282500,464843.75,2.93528597687311e-08,57.0626539628813,OFDM
25.3829875294403,0.0158643672059002,0.156780784507459,0.785256066544073,-263750,435546.875,3.22057237778489e-08,56.9248968999451,OFDM
26.3084204063555,0.0164427627539722,0.164402479857873,0.787491002694243,-200000,482421.875,3.3446785758089e-08,56.916204022421,OFDM
25.8285787650347,0.0161428617281467,0.176495409319789,0.817976823906366,-328750,482421.875,3.21575908187055e-08,57.0069702199218,OFDM
24.2563880253266,0.0151602425158291,0.199994448048897,0.822306852533036,-325000,453125,3.04242680731305e-08,56.9748600962772,OFDM
25.1261132997944,0.0157038208123715,0.170624190267967,0.788066810901054,-408125,484375,3.09491813485529e-08,57.0535616534655,OFDM
24.2461181600527,0.0151538238500329,0.182512369762263,0.781828373678872,-312500,496093.75,3.02970201718902e-08,56.9912231857359,OFDM
26.1522709129796,0.0163451693206123,0.181953816790906,0.840730843858479,-79375,470703.125,3.33893153796135e-08,56.8978190952755,OFDM
25.5444774358805,0.0159652983974253,0.17364180679746,0.80307728207098,-222500,470703.125,3.23115710605786e-08,56.9381896518197,OFDM
23.9522131801127,0.0149701332375704,0.20092603789621,0.823247741652103,-486250,486328.125,3.03588094882222e-08,56.9294092885224,OFDM
5002.02289563465,0.500202289563465,1,2,-198000,488.28125,1.00008512601479e-06,56.991087070993,Bluetooth
4998.77232816405,0.499877232816405,1,2,-202000,244.140625,9.99310633602247e-07,56.9916284828593,Bluetooth
5001.09568278255,0.500109568278255,1,2,-198000,488.28125,9.99851689217342e-07,56.991295790386,Bluetooth
5000.32300540581,0.500032300540581,1,2,-202000,4394.53125,9.99579197800274e-07,56.9918084985825,Bluetooth
5000.40457912691,0.500040457912691,1,2,-202000,4394.53125,9.99635052547568e-07,56.9916366780374,Bluetooth
5000.55911460224,0.500055911460224,1,2,-202000,4150.390625,9.99540873847926e-07,56.9921800744054,Bluetooth
4999.10926802497,0.499910926802497,1,2,-202000,4394.53125,9.99185846447524e-07,56.9924635585608,Bluetooth
5000.73619649961,0.500073619649961,1,2,-198000,4394.53125,9.99678588410149e-07,56.9917355456152,Bluetooth
5002.03683008977,0.500203683008977,1,2,-198000,488.28125,9.99890105593863e-07,56.9919461428137,Bluetooth
5000.34555182779,0.500034555182779,1,2,-198000,4394.53125,9.99528509131716e-07,56.9920483171949,Bluetooth
4999.69092904925,0.499969092904925,1,2,-202000,4394.53125,9.99401023261235e-07,56.9920336817473,Bluetooth
5000.50008730315,0.500050008730315,1,2,-198000,488.28125,9.99708365800597e-07,56.9914011279079,Bluetooth
5000.84563913092,0.500084563913092,1,2,-202000,4394.53125,9.99756802610038e-07,56.9914908153676,Bluetooth
5001.67734380687,0.500167734380687,1,2,-202000,4394.53125,9.99931135104387e-07,56.991455808098,Bluetooth
4996.82239428353,0.499682239428353,1,2,-202000,4150.390625,9.98827096630911e-07,56.9920359769496,Bluetooth
5000.3090709507,0.50003090709507,1,2,-202000,4394.53125,9.99639789121319e-07,56.9915331484698,Bluetooth
5000.02254642196,0.500002254642196,1,2,-198000,4394.53125,9.99523125793517e-07,56.9917911592231,Bluetooth
4998.63172714375,0.499863172714375,1,2,-198000,4394.53125,9.9919763032808e-07,56.9919974599589,Bluetooth
4999.67699459413,0.499967699459413,1,2,-198000,4394.53125,9.99341882308167e-07,56.9922785851054,Bluetooth
4999.09533356989,0.499909533356989,1,2,-202000,4150.390625,9.99307844042245e-07,56.991921224907,Bluetooth
4999.38185809854,0.499938185809854,1,2,-202000,4150.390625,9.99510019451786e-07,56.9912915789178,Bluetooth
4998.42677633621,0.499842677633622,1,2,-202000,4394.53125,9.9920341486536e-07,56.9917942475433,Bluetooth
5000.63207635646,0.500063207635646,1,2,-202000,4394.53125,9.99662645861911e-07,56.991714380801,Bluetooth
4999.91842627885,0.499991842627885,1,2,-198000,4394.53125,9.99648578202444e-07,56.991155662457,Bluetooth
4999.82291810257,0.499982291810257,1,2,-202000,4150.390625,9.99353063655452e-07,56.9923567473116,Bluetooth
4999.69092904924,0.499969092904924,1,2,-202000,4150.390625,9.99314923896937e-07,56.9924078467595,Bluetooth
4999.52245911877,0.499952245911877,1,2,-202000,4394.53125,9.99595847883517e-07,56.9910408019339,Bluetooth
5000.83170467591,0.500083170467591,1,2,-198000,4394.53125,9.99458920631758e-07,56.99277290659,Bluetooth
5000.76406540985,0.500076406540985,1,2,-198000,4394.53125,9.99687714501798e-07,56.9917201019375,Bluetooth
4999.88194540174,0.499988194540174,1,2,-202000,4150.390625,9.99404632912371e-07,56.9921839176471,Bluetooth
5000.89073197496,0.500089073197496,1,2,-202000,4394.53125,9.99705587597883e-07,56.9917524594911,Bluetooth
4999.61796729506,0.499961796729506,1,2,-202000,4150.390625,9.99395030784608e-07,56.9919963442639,Bluetooth
5000.64068832336,0.500064068832336,1,2,-198000,4394.53125,9.99686680034537e-07,56.9916174470536,Bluetooth
4997.93201152123,0.499793201152123,1,2,-198000,4150.390625,9.99244522411704e-07,56.9911856772917,Bluetooth
5001.15471008163,0.500115471008163,1,2,-202000,4394.53125,9.99853154770058e-07,56.9913406835573,Bluetooth
5001.22767183592,0.500122767183592,1,2,-198000,4394.53125,9.99729098004299e-07,56.9919429264849,Bluetooth
4998.45464524645,0.499845464524645,1,2,-198000,4394.53125,9.99223050282012e-07,56.9917331190467,Bluetooth
4999.52245911876,0.499952245911876,1,2,-198000,4394.53125,9.99433043762654e-07,56.9917481947262,Bluetooth
4999.36792364345,0.499936792364345,1,2,-202000,4394.53125,9.99412566562573e-07,56.9917029347324,Bluetooth
5000.42712554896,0.500042712554896,1,2,-198000,4394.53125,9.99535442042867e-07,56.9920890424055,Bluetooth
5001.77285198308,0.500177285198308,1,2,-198000,4394.53125,9.99987622243227e-07,56.9912934063411,Bluetooth
4999.61796729507,0.499961796729507,1,2,-202000,4394.53125,9.99429518009262e-07,56.9918464800712,Bluetooth
4999.19084174608,0.499919084174608,1,2,-202000,4150.390625,9.99305727351781e-07,56.9920133955215,Bluetooth
4998.97727897163,0.499897727897163,1,2,-198000,488.28125,9.99230595113931e-07,56.9921543973988,Bluetooth
5001.7728519831,0.50017728519831,1,2,-198000,4394.53125,9.99915115895329e-07,56.9916083127234,Bluetooth
5001.90484103647,0.500190484103647,1,2,-198000,488.28125,9.99808070890807e-07,56.9921878697125,Bluetooth
5001.09568278258,0.500109568278258,1,2,-198000,4394.53125,9.99830772352221e-07,56.9913866456021,Bluetooth
4999.9044918237,0.49999044918237,1,2,-198000,4394.53125,9.99450861974808e-07,56.9920026164143,Bluetooth
4998.8452899183,0.49988452899183,1,2,-202000,4150.390625,9.99228044731626e-07,56.9920508129077,Bluetooth
4999.15436086895,0.499915436086895,1,2,-198000,4394.53125,9.99312002766681e-07,56.9919544307601,Bluetooth
5000.97762818434,0.500097762818434,1,2,-198000,4394.53125,9.99630815470327e-07,56.9921527614856,Bluetooth
5000.15453547529,0.500015453547529,1,2,-202000,4394.53125,9.99608945147149e-07,56.9915329308981,Bluetooth
4999.76389080355,0.499976389080355,1,2,-198000,4394.53125,9.99481976884678e-07,56.9917452853919,Bluetooth
5000.01393445508,0.500001393445508,1,2,-202000,244.140625,9.99550345241713e-07,56.9916654116405,Bluetooth
4999.78643722548,0.499978643722548,1,2,-202000,244.140625,9.99552745722876e-07,56.9914573762782,Bluetooth
4999.69092904934,0.499969092904934,1,2,-198000,4394.53125,9.99264484904356e-07,56.9926270562246,Bluetooth
5000.46360642603,0.500046360642603,1,2,-198000,4394.53125,9.9952342405659e-07,56.9921729444938,Bluetooth
4999.47736627484,0.499947736627484,1,2,-202000,4394.53125,9.99379600872427e-07,56.9919412610593,Bluetooth
5000.19101635244,0.500019101635244,1,2,-198000,4394.53125,9.99776776874512e-07,56.9908355088204,Bluetooth
4997.91807706623,0.499791807706623,1,2,-202000,4394.53125,9.99164533213783e-07,56.9915212341839,Bluetooth
5000.42712554889,0.500042712554889,1,2,-198000,4394.53125,9.99750217930481e-07,56.9911559493006,Bluetooth
5000.22749722953,0.500022749722953,1,2,-202000,4394.53125,9.99524064183056e-07,56.9919650954652,Bluetooth
5000.90466643009,0.500090466643009,1,2,-198000,488.28125,9.99705783523595e-07,56.9917637094873,Bluetooth
4999.44088539775,0.499944088539775,1,2,-198000,4394.53125,9.99256874554046e-07,56.9924429279961,Bluetooth
5002.8546003105,0.50028546003105,1,2,-198000,4150.390625,1.0001301320253e-06,56.9916136907286,Bluetooth
4999.83153006949,0.499983153006949,1,2,-198000,4394.53125,9.9937418867397e-07,56.9922724246186,Bluetooth
4998.36774903711,0.499836774903711,1,2,-198000,4394.53125,9.99174022200019e-07,56.9918707150113,Bluetooth
5000.40457912696,0.500040457912696,1,2,-198000,4394.53125,9.99680583728252e-07,56.9914388709462,Bluetooth
5000.76406540985,0.500076406540985,1,2,-202000,4150.390625,9.99524920969842e-07,56.9924273837095,Bluetooth
4997.13146523429,0.499713146523429,1,2,-202000,4150.390625,9.98996447729739e-07,56.9915683112533,Bluetooth
5000.58166102425,0.500058166102425,1,2,-198000,488.28125,9.99713666171952e-07,56.9914489484035,Bluetooth
5001.29531110185,0.500129531110185,1,2,-202000,4394.53125,9.99761308666073e-07,56.9918617376068,Bluetooth
4998.3677490371,0.49983677490371,1,2,-202000,4394.53125,9.99173688376757e-07,56.991872165986,Bluetooth
5000.24143168468,0.500024143168468,1,2,-202000,4394.53125,9.99415710411561e-07,56.9924480222524,Bluetooth
5000.59559547937,0.500059559547937,1,2,-198000,488.28125,9.99707254644229e-07,56.9914889032684,Bluetooth
4999.95490715597,0.499995490715597,1,2,-202000,4150.390625,9.99468413495493e-07,56.9919701407339,Bluetooth
5000.1545354753,0.50001545354753,1,2,-198000,4394.53125,9.99545443959666e-07,56.9918088297029,Bluetooth
4999.32283079942,0.499932283079942,1,2,-198000,4394.53125,9.99414075897829e-07,56.9916572036495,Bluetooth
5000.44106000399,0.500044106000399,1,2,-202000,4150.390625,9.99539889403786e-07,56.9920818210916,Bluetooth
4999.71347547126,0.499971347547126,1,2,-198000,4394.53125,9.99493536821472e-07,56.9916512630044,Bluetooth
5000.67716920046,0.500067716920046,1,2,-202000,4394.53125,9.99572548397133e-07,56.9921449808255,Bluetooth
4999.35931167654,0.499935931167654,1,2,-202000,244.140625,9.99167595525582e-07,56.9927601050383,Bluetooth
4999.7134754713,0.49997134754713,1,2,-202000,4150.390625,9.99585992599075e-07,56.9912495477803,Bluetooth
5001.91877549154,0.500191877549154,1,2,-198000,4394.53125,9.99756731770475e-07,56.992422979894,Bluetooth
4999.63190175014,0.499963190175014,1,2,-202000,4394.53125,9.99452849275258e-07,56.9917572012378,Bluetooth
5001.29531110192,0.500129531110192,1,2,-198000,488.28125,9.99815677454581e-07,56.9916255670067,Bluetooth
5001.25021825793,0.500125021825793,1,2,-198000,4394.53125,9.99762166792174e-07,56.9918188527453,Bluetooth
4999.69092904924,0.499969092904924,1,2,-198000,4394.53125,9.99435955256877e-07,56.9918818857468,Bluetooth
5000.02254642201,0.500002254642201,1,2,-198000,4394.53125,9.99423979388044e-07,56.9922219733925,Bluetooth
4998.85922437339,0.499885922437339,1,2,-198000,4394.53125,9.992805592891e-07,56.9918346809786,Bluetooth
5000.15453547531,0.500015453547531,1,2,-198000,4394.53125,9.99444437115117e-07,56.9922477185204,Bluetooth
5000.21356277446,0.500021356277446,1,2,-198000,4394.53125,9.99705609047764e-07,56.9911642495584,Bluetooth
4997.99965078734,0.499799965078734,1,2,-202000,4394.53125,9.99145729792796e-07,56.9916738484261,Bluetooth
4998.03613166442,0.499803613166442,1,2,-202000,4150.390625,9.99178121145905e-07,56.9915647560264,Bluetooth
4998.97727897163,0.499897727897163,1,2,-202000,4394.53125,9.9937283042231e-07,56.9915362456547,Bluetooth
4999.76389080352,0.499976389080352,1,2,-198000,4394.53125,9.99462283450216e-07,56.9918308580623,Bluetooth
5001.55928920863,0.500155928920863,1,2,-198000,488.28125,9.99801192751027e-07,56.9919177083641,Bluetooth
5000.80915825387,0.500080915825387,1,2,-198000,4394.53125,9.99681886174476e-07,56.9917845830081,Bluetooth
5000.9862401512,0.500098624015121,1,2,-198000,4150.390625,9.99738016909914e-07,56.9916945233664,Bluetooth
4999.30889634432,0.499930889634432,1,2,-202000,4150.390625,9.99307951136955e-07,56.9921062873534,Bluetooth
25.4251973554534,0.00794537417357918,0.1650390625,0.733397875648391,-493750,493164.0625,1.59621761817311e-08,56.9702225436556,LTE
24.7569136193847,0.00773653550605773,0.0952374802441416,0.600893778277699,-351875,492187.5,1.56697217128012e-08,56.9348523936631,LTE
26.1026136327069,0.0081570667602209,0.0812878103323287,0.548515855562826,-437500,477539.0625,1.60215020407492e-08,57.0683078729565,LTE
24.0214575793126,0.00750670549353519,0.0988344707427313,0.590474263454743,-163125,468750,1.4846308838207e-08,57.0383088710387,LTE
24.6317476430655,0.00769742113845797,0.0766503304150318,0.552262786887301,-16250,469726.5625,1.54330141618249e-08,56.9789449345934,LTE
25.6329108165638,0.00801028463017618,0.106270659068326,0.620517876255463,-397812.5,492187.5,1.61001388961026e-08,56.9681832547193,LTE
25.842381105963,0.00807574409561344,0.105246905406676,0.638533911896774,-38750,494140.625,1.63071193985824e-08,56.9480529749558,LTE
24.8973575628366,0.00778042423838643,0.0987132546319056,0.610276459911304,-468125,493164.0625,1.55093193298225e-08,57.0041054014742,LTE
25.0680873423741,0.0078337772944919,0.120686942883562,0.641500661347345,-476562.5,480468.75,1.57429031784139e-08,56.9688639641031,LTE
25.3905793811758,0.00793455605661743,0.161785269603695,0.67780192547345,-421562.5,464843.75,1.57811543738075e-08,57.0138386453085,LTE
24.98454968744,0.00780767177732501,0.098079688498833,0.620985862979951,-100000,478515.625,1.568320458473e-08,56.9708674016982,LTE
25.1314290781054,0.00785357158690792,0.116659591818808,0.632891865289129,-220625,490234.375,1.58106329487351e-08,56.9611795033742,LTE
25.2650304824581,0.00789532202576815,0.0851133107795588,0.564505151515248,-458750,490234.375,1.58633019039155e-08,56.9697625860723,LTE
23.8701440524905,0.00745942001640327,0.0837426324064812,0.568944124007851,-77812.5,490234.375,1.49132644733959e-08,56.9913234184146,LTE
26.1233607846734,0.00816355024521045,0.111670835803009,0.649421755245931,-16250,478515.625,1.6405114533671e-08,56.9689980330472,LTE
24.1997257997326,0.00756241431241645,0.092748329585898,0.576723445489271,-383437.5,475585.9375,1.52666932793891e-08,56.9491548647816,LTE
25.4120010452313,0.00794125032663477,0.111471161184767,0.626031246293349,0,484375,1.5895876031885e-08,56.9860441904973,LTE
24.7720945913163,0.00774127955978635,0.133589099632867,0.670677286902086,-173125,447265.625,1.54109595281865e-08,57.0098307144406,LTE
24.8991459423085,0.00778098310697141,0.103981619339421,0.590848817560474,-451875,498046.875,1.54665244635065e-08,57.0164173959467,LTE
25.3873652987323,0.00793355165585383,0.0922071593421168,0.594218182310532,-454687.5,460937.5,1.57485472877999e-08,57.022271549779,LTE
24.861672262925,0.00776927258216406,0.125157370873921,0.656116305015832,-259062.5,478515.625,1.56559854027048e-08,56.9569995105924,LTE
25.4588190396568,0.00795588094989275,0.104875334974342,0.609351531470438,-390625,499023.4375,1.56898277585145e-08,57.0507009984269,LTE
23.6679537908175,0.00739623555963048,0.131448792886989,0.676189933334731,-303437.5,497070.3125,1.4752179915159e-08,57.0015453404585,LTE
24.6986971166368,0.00771834284894901,0.0849815609689618,0.575494109756375,-217812.5,471679.6875,1.53847813010933e-08,57.0043273902213,LTE
24.8667629911435,0.00777086343473235,0.114490934703532,0.65836572108453,-281562.5,440429.6875,1.5610393402107e-08,56.9705542874659,LTE
25.7798177101089,0.00805619303440904,0.118802318489751,0.669600151697376,-296562.5,477539.0625,1.59590105940613e-08,57.0312390077253,LTE
24.3563520445573,0.00761136001392415,0.122806447188065,0.593209833732499,-234062.5,483398.4375,1.49074253007152e-08,57.0805962253526,LTE
23.9575348635669,0.00748672964486466,0.1181640625,0.64139120618434,-258437.5,467773.4375,1.49509165665416e-08,56.9962433257909,LTE
24.8279601795995,0.00775873755612485,0.0791015625,0.55048530884958,-289375,476562.5,1.54107836474281e-08,57.0196633843925,LTE
24.491830993278,0.00765369718539937,0.0976605461195333,0.582806399963,-227812.5,493164.0625,1.4990905010352e-08,57.0804342331972,LTE
25.5639589281539,0.00798873716504808,0.0979766611865469,0.613523080207935,-202187.5,468750,1.59328043511747e-08,57.0018590960706,LTE
24.8157203677237,0.00775491261491366,0.105594813729117,0.603781311918469,-289375,486328.125,1.54676507401295e-08,57.0015255126059,LTE
24.4320568585765,0.00763501776830517,0.114871437098003,0.64556368345659,-55000,473632.8125,1.51470108472456e-08,57.0248311566191,LTE
24.3991823408494,0.00762474448151543,0.104241626867172,0.599284773696481,-429375,492187.5,1.51686580556997e-08,57.0127813307433,LTE
25.1020213261876,0.00784438166443364,0.0911560953553543,0.585325292204052,-25312.5,483398.4375,1.57218200041617e-08,56.9805589606758,LTE
24.7378332592807,0.00773057289352522,0.0956240666909292,0.605836143710218,-234062.5,494140.625,1.58919687339146e-08,56.8703397764754,LTE
24.6954689558704,0.00771733404870951,0.0867663936514978,0.587879983998378,-94062.5,475585.9375,1.52646113878519e-08,57.037815469681,LTE
24.0929314656594,0.00752904108301855,0.0791015625,0.549673487677812,-476250,476562.5,1.51059383523208e-08,56.9759195892238,LTE
24.1762162665618,0.00755506758330055,0.106628460884757,0.617268288553922,-249687.5,490234.375,1.51967086337484e-08,56.9648881681437,LTE
25.6751150567282,0.00802347345522756,0.0965450373031673,0.600852615831252,-313125,452148.4375,1.59685650738507e-08,57.0109652770058,LTE
24.615893965566,0.00769246686423938,0.0925296451370783,0.589879160057595,-187187.5,482421.875,1.51210633210549e-08,57.0648330212072,LTE
23.462582726689,0.00733205710209032,0.129086880609566,0.652713181428497,-69375,491210.9375,1.46279559983927e-08,57.0004219330161,LTE
24.6710408374167,0.0077097002616927,0.0984310967262623,0.584191070294813,-101875,495117.1875,1.5386639601782e-08,56.9989371233486,LTE
25.3692466005712,0.0079278895626785,0.0922889544859832,0.601957701874608,-109062.5,485351.5625,1.58797071789957e-08,56.9831510190109,LTE
24.8805290214787,0.00777516531921209,0.107666015625,0.596907255909737,-21562.5,491210.9375,1.5523932756065e-08,56.9970787910105,LTE
24.6129384280125,0.00769154325875391,0.0918849697408424,0.567962737203658,-79062.5,360351.5625,1.53146348053364e-08,57.0090684191642,LTE
23.9686294179859,0.00749019669312059,0.1086387819118,0.631265901482849,-500000,492187.5,1.50801664057006e-08,56.9608708856805,LTE
25.9856199631109,0.00812050623847215,0.094572476762613,0.601911553218955,-360000,482421.875,1.60552755152572e-08,57.0396534168827,LTE
25.0503814694389,0.00782824420919965,0.0826943461961183,0.572086937465795,-274375,477539.0625,1.55545365159188e-08,57.0180729059905,LTE
24.8441204314827,0.00776378763483833,0.100983071937932,0.627369854266381,-437812.5,454101.5625,1.54210067635549e-08,57.0196091985053,LTE
25.6045721548649,0.0080014287983953,0.103077564050215,0.603023702606084,-25000,494140.625,1.61072763158412e-08,56.9614543602584,LTE
24.2670384989293,0.00758344953091541,0.1083221686522,0.61999787535213,-55625,493164.0625,1.50742929104412e-08,57.0162985096446,LTE
24.5528201057773,0.00767275628305541,0.0954352819098635,0.578449396770393,-460312.5,491210.9375,1.55316583912923e-08,56.9373357356254,LTE
25.0434798688025,0.00782608745900078,0.0932731964116343,0.58665660833,-71250,453125,1.55210188776879e-08,57.0262446983936,LTE
24.9781064431584,0.007805658263487,0.0987951476029486,0.6245836035805,-148750,482421.875,1.56562932883166e-08,56.9772058534604,LTE
25.1952338073616,0.00787351056480049,0.0952633803174487,0.6102556871896,-241562.5,484375,1.55412735710236e-08,57.0468180922705,LTE
25.0151476914457,0.00781723365357679,0.0930299033106597,0.579286280606554,-264375,482421.875,1.5388437491233e-08,57.0585856827197,LTE
25.3604973912447,0.00792515543476397,0.0873802680420879,0.585782453237783,-203125,498046.875,1.60293275873447e-08,56.9409248415864,LTE
24.6606239218661,0.00770644497558314,0.0873592358602963,0.589909296702063,-344375,471679.6875,1.50865998105475e-08,57.0826271153993,LTE
24.4929240683782,0.0076540387713682,0.0967795178253299,0.614778724119202,-280312.5,484375,1.52570451382891e-08,57.004202267006,LTE
25.1861817541436,0.00787068179816988,0.0771792304561755,0.55485416408402,-101562.5,476562.5,1.58680850049674e-08,56.95487836454,LTE
24.8109988879741,0.0077534371524919,0.10156511197027,0.60758084921762,-85000,492187.5,1.55044075003668e-08,56.9903909658716,LTE
25.133397534615,0.00785418672956717,0.0846651768983959,0.575647401434721,-149375,468750,1.56713477125472e-08,56.9999487544979,LTE
24.1079670125739,0.00753373969142935,0.103442718232565,0.60597441369489,-78437.5,498046.875,1.50031211416502e-08,57.0082899426048,LTE
25.3836784858514,0.00793239952682856,0.0825506536155178,0.559307610912735,-305625,461914.0625,1.59206203201599e-08,56.9744459467234,LTE
24.2856421840582,0.00758926318251819,0.0801915595168611,0.561655562785699,-133750,489257.8125,1.47339603898043e-08,57.1188011568856,LTE
25.4094354080996,0.00794044856503113,0.109565502976302,0.645853170532652,-14687.5,485351.5625,1.61454144534945e-08,56.9179583905804,LTE
24.0834818505007,0.00752608807828146,0.0826248924939062,0.563022934280252,-203437.5,483398.4375,1.53192866287567e-08,56.9133075455682,LTE
25.4180004394574,0.00794312513733045,0.117715838137563,0.637257314074108,-102500,495117.1875,1.58412215354943e-08,57.0020273704123,LTE
23.4487807313902,0.00732774397855944,0.0736101422546232,0.527826019165059,-366562.5,481445.3125,1.4673407815033e-08,56.9843929929772,LTE
25.1866932799837,0.0078708416499949,0.0864652442313589,0.579593905390888,-77187.5,485351.5625,1.55157523531733e-08,57.0524833589243,LTE
24.276374049232,0.007586366890385,0.0951309148279731,0.59635304877241,-384062.5,491210.9375,1.53236381528154e-08,56.9467195398928,LTE
25.2380947581681,0.00788690461192754,0.142784578368767,0.719830259039555,-133437.5,493164.0625,1.59173305501982e-08,56.9503635306058,LTE
25.5379088952876,0.00798059652977737,0.0926899269799124,0.605759462203747,-47187.5,484375,1.62211636711608e-08,56.9195334865982,LTE
25.2935375197408,0.007904230474919,0.0945378933735157,0.58650901667925,-320312.5,484375,1.57481228718834e-08,57.0063080047205,LTE
24.7016994609354,0.00771928108154232,0.103888577611419,0.606246515873071,-187500,483398.4375,1.56685616089658e-08,56.9254772555525,LTE
25.4117481499999,0.00794117129687496,0.129926454785941,0.696437783705289,-155312.5,459960.9375,1.5905569998913e-08,56.9833532688388,LTE
25.4632172852934,0.00795725540165418,0.100335112250272,0.621580642732885,-39375,480468.75,1.59882913908042e-08,56.9696124291425,LTE
25.0486704534296,0.00782770951669676,0.0804184793861624,0.561520543471943,-309375,490234.375,1.54610739645018e-08,57.0439504298229,LTE
24.8964078482468,0.00778012745257714,0.088134765625,0.570853743224423,-391562.5,472656.25,1.55623646092183e-08,56.9891112543385,LTE
25.7595777171063,0.00804986803659571,0.124634769319024,0.647799555297425,-444687.5,490234.375,1.59711687074474e-08,57.0245206366622,LTE
24.0663949784896,0.00752074843077801,0.0933620382167697,0.581690002962312,-102187.5,479492.1875,1.48754897040156e-08,57.0378979006485,LTE
25.2062959906403,0.0078769674970751,0.107318769113515,0.626102609529952,-164375,467773.4375,1.56353708273021e-08,57.0225086748045,LTE
24.7659045258082,0.00773934516431507,0.0923544746057917,0.603340972282426,-79062.5,476562.5,1.54515049524578e-08,56.9973343061206,LTE
24.2476780467959,0.00757739938962371,0.100743755488159,0.603697017509234,-40312.5,482421.875,1.51237839460022e-08,56.998597141199,LTE
24.5396080346298,0.00766862751082183,0.0920507123702894,0.575530865994782,-368437.5,476562.5,1.53962280188958e-08,56.9730330885031,LTE
24.8542761486832,0.00776696129646349,0.110906779780199,0.643201838313402,-212812.5,479492.1875,1.52306107086057e-08,57.075338232424,LTE
25.4310518952804,0.00794720371727514,0.138561027847436,0.677803364277627,-383437.5,470703.125,1.58763286219961e-08,56.9946426605946,LTE
26.0017131977322,0.00812553537429131,0.102984973364601,0.638903834521216,-187500,460937.5,1.63027724661726e-08,56.9759051808704,LTE
24.5731539367205,0.00767911060522515,0.121204769058562,0.663003602249709,-265937.5,480468.75,1.51930970730717e-08,57.0366461026613,LTE
25.2164872662248,0.00788015227069525,0.0992398932250523,0.61251042259326,-375625,493164.0625,1.58308526049335e-08,56.9703030421706,LTE
25.5424670059431,0.00798202093935723,0.0983474439675738,0.611238476711411,-171875,455078.125,1.6137609652198e-08,56.9427365650229,LTE
24.8410047135601,0.00776281397298754,0.0845844683336439,0.579042459204511,-389375,485351.5625,1.57636688860475e-08,56.9236187492807,LTE
25.1614973245542,0.00786296791392318,0.116331412072266,0.592999199572061,-381250,498046.875,1.55439211657133e-08,57.0402591848205,LTE
25.4056392442257,0.00793926226382052,0.123436708644609,0.650059135763437,-15312.5,490234.375,1.58480689754047e-08,56.9980379585801,LTE
25.3795660993929,0.00793111440606029,0.112572656739457,0.668745610814842,-225625,491210.9375,1.60691683625146e-08,56.9334081356888,LTE
24.94429740962,0.00779509294050626,0.0978499570319258,0.608014620291641,-70625,475585.9375,1.54833107928539e-08,57.0195746625924,LTE
25.3125766395105,0.00791018019984704,0.0923720908830918,0.572402150577019,-24062.5,483398.4375,1.56493064157781e-08,57.0369128298054,LTE
25.1721952901907,0.00786631102818459,0.0901364138873729,0.589625032957025,-407187.5,498046.875,1.56933721889173e-08,57.0005483936654,LTE
24.8450850263506,0.00776408907073458,0.110438616220858,0.629306310041553,-125000,483398.4375,1.56374870342044e-08,56.959235464259,LTE
24.8631066734393,0.0038848604177249,0.045839233882634,0.421520796580112,-500000,495605.46875,7.69566432026904e-09,57.031293034934,5G
24.7024520712912,0.00385975813613925,0.0608963706468917,0.453828827785979,-35000,484863.28125,7.76403767957052e-09,56.9647245695617,5G
24.7729379242257,0.00387077155066026,0.054567579571096,0.466003467233695,-340312.5,496093.75,7.70515876128694e-09,57.0101594883195,5G
25.1020969555118,0.00392220264929872,0.0701641823831112,0.504574360869364,-402812.5,499023.4375,7.83879969017502e-09,56.992804619129,5G
25.2721528640986,0.00394877388501541,0.0563054328251727,0.457827226390853,-11875,484863.28125,7.92967510747056e-09,56.9720687196087,5G
24.3968184231385,0.00381200287861539,0.0562865327948069,0.468771483242603,-465781.25,492187.5,7.57889326503422e-09,57.0154742906295,5G
24.972285788637,0.00390191965447454,0.0605167814572974,0.462014882534934,-440937.5,496582.03125,7.78698292282918e-09,56.99909100199,5G
25.3078634058069,0.00395435365715733,0.0569227306025267,0.465147349901511,-441093.75,495605.46875,7.88490768517305e-09,57.0027889472388,5G
25.2714915139188,0.00394867054904982,0.0664570519244838,0.474355861588149,-245781.25,421386.71875,7.87744537687789e-09,57.0006550018129,5G
25.3498807168336,0.00396091886200524,0.0611592364278429,0.493257053463118,-38281.25,492187.5,7.88632271726448e-09,57.0092140120624,5G
25.8117100898752,0.00403307970154299,0.0553760242895248,0.46407313201516,-465312.5,492187.5,8.05182051281991e-09,56.9974271935297,5G
25.5001342607864,0.00398439597824787,0.05133056640625,0.446108330485875,-464687.5,497070.3125,7.93589014865601e-09,57.0076684552759,5G
24.8093775810002,0.00387646524703128,0.05133056640625,0.424839212776821,-359375,473632.8125,7.72957305043624e-09,57.0028038886717,5G
25.3414636368485,0.00395960369325758,0.0907440400338168,0.534524479112887,-382187.5,473144.53125,7.96471506583949e-09,56.9648147693985,5G
24.8146009820675,0.00387728140344805,0.0566015372944248,0.44459978716398,-147968.75,498046.875,7.73447848989448e-09,57.0009628617207,5G
25.154858198689,0.00393044659354516,0.0606392157657145,0.474273371076936,-89218.75,492675.78125,7.84029871068107e-09,57.0010929014944,5G
25.353808005289,0.0039615325008264,0.0520194153984004,0.437423929601933,-370625,485351.5625,7.89323434763733e-09,57.0060822621159,5G
25.25530445503,0.00394614132109843,0.0570709945274604,0.472100210126455,-190781.25,480468.75,7.85536723848312e-09,57.0100614123496,5G
25.5594943837391,0.00399367099745923,0.0603351160680044,0.478106650306068,-316406.25,496093.75,8.02141364378763e-09,56.9712137202886,5G
25.7875255080633,0.00402930086063489,0.0560332083140755,0.461254255612887,-289062.5,496582.03125,8.0635329663067e-09,56.9870433076155,5G
25.5066327804905,0.00398541137195164,0.0806907368971581,0.527027477541379,-475937.5,469238.28125,7.97001636500819e-09,56.9901394253806,5G
25.4231252293544,0.00397236331708663,0.0473152553234366,0.429491014977888,-82187.5,485351.5625,7.90360360265956e-09,57.0122381221117,5G
25.0147371515575,0.00390855267993087,0.0547285988471557,0.465088808726669,-42500,495605.46875,7.8116507879083e-09,56.9927314945829,5G
25.2215888931344,0.00394087326455226,0.064222006606516,0.488970212620353,-335937.5,487792.96875,7.94156223031662e-09,56.956865251213,5G
25.4470733248846,0.00397610520701322,0.052145277348332,0.438634555192477,-191718.75,486816.40625,7.95336702880234e-09,56.9890684266615,5G
25.2148884124026,0.00393982631443791,0.0572542271936916,0.456407279948275,-492656.25,498046.875,7.81400158365035e-09,57.0260358165414,5G
26.0156211262689,0.00406494080097951,0.0584063334160656,0.46326746859989,-3906.25,498535.15625,8.16221412380354e-09,56.9724624153793,5G
24.7241853411169,0.00386315395954951,0.0638976541931339,0.468052247386951,-100937.5,490722.65625,7.74675378319861e-09,56.9782226366322,5G
25.0098587248624,0.00390779042575976,0.0783949920149166,0.486708353344507,-214062.5,491699.21875,7.75505869411324e-09,57.0234617540333,5G
25.7978848711661,0.00403091951111971,0.0609316384625726,0.484733173844474,-414218.75,496582.03125,8.10285844542355e-09,56.9676587432819,5G
24.9128792337198,0.00389263738026872,0.0517547080065254,0.454361069498726,-121250,493652.34375,7.77858096322026e-09,56.9934357236038,5G
25.0034046681895,0.00390678197940461,0.0684689329267425,0.49721215470067,-171562.5,495117.1875,7.77908770418712e-09,57.0089050789916,5G
25.0649617166349,0.0039164002682242,0.060162314842898,0.451318938289011,-155781.25,489746.09375,7.80754611103999e-09,57.0037251380434,5G
25.0641017185436,0.00391626589352244,0.0586929385587824,0.482824906392976,-46562.5,499023.4375,7.8382484572813e-09,56.9865314475277,5G
25.1418179900295,0.00392840906094211,0.0879968876370648,0.524909519444903,-312187.5,495117.1875,7.89259178098983e-09,56.9699706318302,5G
24.875223374793,0.00388675365231141,0.0597634799006118,0.473671903287929,-82656.25,496093.75,7.73947500017931e-09,57.0087551359874,5G
25.4454281673338,0.0039758481511459,0.0458713670747176,0.421039240637477,0,475585.9375,7.83616009601885e-09,57.0532648888017,5G
24.3724939539615,0.00380820218030649,0.0446096658885378,0.41743916094914,-355000,495117.1875,7.5212086352716e-09,57.0443236134645,5G
25.3079379025526,0.00395436529727385,0.0574018604570279,0.479158552608732,-128593.75,488281.25,7.88397268993256e-09,57.0033167497245,5G
24.433294260754,0.00381770222824281,0.0516598079494169,0.449337169178184,-152968.75,499023.4375,7.64497313932359e-09,56.9842608758099,5G
24.8203861211985,0.00387818533143727,0.0519452645847763,0.447550958495959,-382968.75,484863.28125,7.74599420089745e-09,56.9955139187152,5G
25.1134548427998,0.00392397731918747,0.0541121833569659,0.451771292641721,-127812.5,479492.1875,7.85662910763506e-09,56.9849023682646,5G
24.6597956692404,0.00385309307331881,0.0577043614500174,0.450478113819383,-202812.5,491699.21875,7.65226308395508e-09,57.0201960712408,5G
25.4869329543647,0.00398233327411948,0.0599216041837221,0.455726397182291,-31250,483886.71875,7.90793861115089e-09,57.0207431326278,5G
24.6540038970668,0.00385218810891669,0.0500409492969223,0.435433155263045,-215312.5,480468.75,7.69618734036573e-09,56.9943185556879,5G
24.7986053854812,0.00387478209148143,0.0660344903628943,0.485240565874487,-93906.25,495605.46875,7.77248255760917e-09,56.9768752773452,5G
25.27151321246,0.00394867393944687,0.0589282343792418,0.476342484564442,-477031.25,495117.1875,7.94913107939482e-09,56.9613161502024,5G
25.0848345575926,0.00391950539962384,0.055619946063934,0.47164276277557,-3593.75,490234.375,7.95830531929051e-09,56.924106703019,5G
25.1510894083986,0.00392985772006228,0.0547393040465026,0.444688521529858,-102031.25,495117.1875,7.83625938804292e-09,57.0026802394691,5G
24.9462279952127,0.00389784812425198,0.0574212477941932,0.468112153846568,-304687.5,491699.21875,7.8060010780219e-09,56.9839630633974,5G
25.6506651761018,0.0040079164337659,0.0636476399522673,0.458352724149271,-359218.75,498535.15625,8.07588025990406e-09,56.9572878669837,5G
24.4146102482587,0.00381478285129043,0.0551821218626404,0.46587794678455,-456875,492675.78125,7.65749498434081e-09,56.9738310065375,5G
25.171946623885,0.00393311665998203,0.0723517110382172,0.484393513976527,-254531.25,487304.6875,7.90379152481969e-09,56.9690135167129,5G
24.1851873956909,0.0037789355305767,0.0727785278010648,0.480086598530511,-195156.25,484863.28125,7.57251932430152e-09,56.9812909254456,5G
25.5110656017398,0.00398610400027185,0.0765943245349235,0.509838992629989,-190937.5,490722.65625,7.945870743295e-09,57.0040712952092,5G
24.7485084695129,0.00386695444836139,0.0604990161108013,0.467659195709535,-18750,446289.0625,7.77294618670548e-09,56.9678339520722,5G
25.3159593713392,0.00395561865177175,0.0771228198648811,0.516162208765813,-292500,492187.5,7.96065267919124e-09,56.9626573983695,5G
25.3018696218224,0.00395341712840976,0.0546645307974653,0.434401321970641,-312968.75,489257.8125,7.90106707456142e-09,56.9928689087136,5G
24.7968530719687,0.0038745082924951,0.0812015062132063,0.509890242006616,-402968.75,499023.4375,7.67564098862027e-09,57.0310194137705,5G
24.9389662532088,0.00389671347706388,0.0570737074658437,0.465246900472547,-22500,496093.75,7.77326305388337e-09,57.0009510870991,5G
24.62714495668,0.00384799139948126,0.0463126940384428,0.426130129658881,-214843.75,499023.4375,7.67931628013086e-09,56.9991153789044,5G
25.1338016081723,0.00392715650127691,0.0640186233914042,0.472020591284829,-410312.5,493164.0625,7.71945629141664e-09,57.0649149618474,5G
24.8343594038827,0.00388036865685668,0.0467314552131115,0.423380818383132,-401718.75,492187.5,7.78246089465429e-09,56.9775604085871,5G
24.280923567584,0.00379389430743499,0.0474840618642468,0.416774044241966,-187968.75,473632.8125,7.60434019970913e-09,56.9802368997886,5G
24.8016177810795,0.00387525277829367,0.064386816374051,0.475102373931179,-402656.25,491699.21875,7.73829103624687e-09,56.9965497683867,5G
25.0603788765022,0.00391568419945348,0.0715481084151515,0.466472956628459,-175468.75,496093.75,7.80158082334058e-09,57.0062504653824,5G
25.114934849191,0.00392420857018609,0.0519317758134037,0.443035891890124,-429218.75,467773.4375,7.803934454434e-09,57.0143846882651,5G
25.0300077453412,0.00391093871020957,0.0520147842760758,0.454188262603022,-35156.25,492187.5,7.84364398115635e-09,56.9776313696669,5G
24.9075974533909,0.00389181210209233,0.0492846497070996,0.432639519598518,-409687.5,492675.78125,7.81586791494387e-09,56.9717465285992,5G
24.7568273299443,0.0038682542703038,0.0603182479675655,0.46053535601289,-301406.25,479980.46875,7.67936583040851e-09,57.0218965659635,5G
24.6651800701994,0.00385393438596866,0.0630020232470379,0.444355924615798,-305000,499023.4375,7.73042443016188e-09,56.977009774113,5G
25.3022593160102,0.00395347801812659,0.0771856508799497,0.501786726367636,-97343.75,498535.15625,7.85999883768105e-09,57.0155684658715,5G
24.9496296878712,0.00389837963872988,0.0517371409641652,0.446207998241797,-59218.75,488281.25,7.80042224030766e-09,56.9876601817612,5G
25.1132454790736,0.00392394460610525,0.0555879716663613,0.452006256368679,-312656.25,499511.71875,7.79086029209208e-09,57.0213745133627,5G
25.4322987075772,0.00397379667305894,0.054931640625,0.454788764853053,-421250,463867.1875,7.92387529167272e-09,57.0026800996736,5G
24.565484142115,0.00383835689720547,0.0626627251565846,0.462901856883856,-175781.25,496093.75,7.63556299904426e-09,57.0130428899135,5G
25.3014772880526,0.00395335582625822,0.0751381993152196,0.522158783402837,-203437.5,493164.0625,7.94060514920405e-09,56.9711230423296,5G
24.8311938844998,0.00387987404445309,0.0616173776404814,0.452056739483841,-218281.25,491210.9375,7.7237439030149e-09,57.0098976156508,5G
25.0844314501601,0.00391944241408751,0.0669857134079093,0.462122941178003,-4218.75,492675.78125,7.83863499387467e-09,56.9898384602262,5G
25.6411955444776,0.00400643680382463,0.063856971783899,0.484666916338365,-230000,474609.375,8.03068475816182e-09,56.9800571856032,5G
25.6657859836862,0.00401027905995097,0.0464639638175426,0.426766724057042,-51093.75,491210.9375,7.96052832455676e-09,57.0223270259836,5G
24.4609817927636,0.00382202840511932,0.0500273593636015,0.443863443459986,-444375,487792.96875,7.60850141190512e-09,57.0099478484083,5G
25.5048483595995,0.00398513255618742,0.0519946404346326,0.450175641845255,-418281.25,492675.78125,8.00055710067172e-09,56.9732254261319,5G
24.6803781170059,0.00385630908078217,0.057209472128204,0.464774745476558,-140625,491699.21875,7.67965363418509e-09,57.0083020202704,5G
25.9075944035224,0.00404806162555037,0.0632001817688166,0.496924756688702,-39531.25,488281.25,8.08092371422529e-09,56.9978610840608,5G
24.9792269397927,0.0039030042093426,0.0626290887578801,0.480674542839446,-3281.25,496582.03125,7.77412305005868e-09,57.0074760923089,5G
25.1458694590488,0.00392904210297637,0.0568680086015936,0.476696615911296,-191250,496093.75,7.80351985373115e-09,57.0199614302099,5G
25.0289573409586,0.00391077458452478,0.043219243069757,0.399282227461645,-370937.5,495605.46875,7.79949889467144e-09,57.0019608325316,5G
24.6782913510335,0.00385598302359898,0.0568730256467019,0.445443180672406,-34531.25,492187.5,7.73455224116408e-09,56.9769993606375,5G
24.7701486712175,0.00387033572987774,0.04449462890625,0.418168325173918,0,493652.34375,7.67223762762245e-09,57.0282659374514,5G
24.3839327838608,0.00380998949747825,0.0432768553242161,0.409226246865931,-215625,496582.03125,7.62726726755599e-09,56.9855481371613,5G
24.782203275624,0.00387221926181625,0.0413440985490945,0.402632725453591,-390000,484375,7.71038187699898e-09,57.0088405280279,5G
24.727367823497,0.00386365122242141,0.0678369054372866,0.493441012309354,0,493164.0625,7.72872873279604e-09,56.9888985064296,5G
25.0370289406935,0.00391203577198336,0.0603783393801563,0.475454534819801,-175156.25,495605.46875,7.89589959048595e-09,56.9500120043987,5G
24.9148825348081,0.00389295039606377,0.0519613535124632,0.453111457011484,-288906.25,476074.21875,7.79663288331337e-09,56.9837178471201,5G
25.1042146802982,0.00392253354379659,0.0721749633567407,0.506855830240848,-27187.5,483886.71875,7.86269336181275e-09,56.9799532728161,5G
24.6231971922401,0.00384737456128752,0.0516965640740237,0.440484991310739,-281093.75,496582.03125,7.66650738015881e-09,57.0056691103539,5G
24.7510137144351,0.00386734589288048,0.0716740729370205,0.476304130428509,-448593.75,486328.125,7.71935984586223e-09,56.9983173034007,5G
25.2491696519705,0.00394518275812038,0.0538310917645564,0.431706502366009,-355156.25,491210.9375,7.84854261981939e-09,57.0127810547342,5G
24.5081412094348,0.00382939706397418,0.0483862541643045,0.417870106904704,-214843.75,493164.0625,7.72995887257168e-09,56.9495321672286,5G
